sub	task	run	tsnr	fd_mean
10317	ugr	2	22.25673933373764	0.17472888088414582
10317	ugr	1	21.12941190134734	0.20044653217903485
10317	doors	1	19.680794991203584	0.17284926651210825
10317	socialdoors	1	20.533172876457684	0.186765437397352
10317	trust	1	18.889986241585575	0.2117265459830239
10317	sharedreward	2	18.523996904026717	0.20053482415930207
10317	sharedreward	1	17.756101141683757	0.18742617428573752
10369	ugr	1	15.867485656170174	0.2558463844538629
10369	ugr	2	21.41954317642376	0.11876885211715134
10369	doors	1	20.754516958259046	0.10807993893313589
10369	socialdoors	1	20.173441672697663	0.11961789030300075
10369	trust	1	19.421741188503802	0.14367067276971252
10369	sharedreward	2	19.33924040850252	0.14116774213314
10369	sharedreward	1	18.892139293369837	0.1124872321440448
10462	ugr	1	19.612563786562532	0.14476218000649346
10462	ugr	2	18.614152551162988	0.18219840136937296
10462	doors	1	18.50088531896472	0.1470836710587076
10462	socialdoors	1	17.167432000976987	0.16764266306925998
10462	trust	1	18.4477608956513	0.15805809422220765
10462	sharedreward	1	18.979045568034053	0.14834352184061728
10478	ugr	1	24.26448773185257	0.08090808069911723
10478	ugr	2	24.089822376612574	0.07667825066007256
10478	doors	1	25.09184393961914	0.07291586547915467
10478	socialdoors	1	24.63455135829281	0.07303025876529722
10478	trust	1	22.503069484373555	0.07618082128515227
10478	trust	2	20.80852261185646	0.09200332169809426
10478	sharedreward	2	20.460127019905485	0.10334392623607885
10478	sharedreward	1	22.906553062493913	0.0720208207481643
10486	ugr	1	19.992812522687018	0.16821806703879943
10486	doors	1	21.43701742659323	0.14600090206840802
10486	socialdoors	1	19.355460910126567	0.135314123629465
10486	trust	2	18.85329629201442	0.15914988614671277
10486	trust	1	16.93453068099916	0.1735768753263445
10486	sharedreward	1	19.325708848773502	0.16096350810591858
10486	sharedreward	2	19.986936922185123	0.15822069766448785
10529	ugr	2	20.97689969453495	0.1760440372560528
10529	ugr	1	18.31522474391386	0.1790748567202836
10529	doors	1	18.631478749215603	0.20527212164436132
10529	socialdoors	1	20.656621750211343	0.18607746626118898
10529	trust	2	18.30330636887811	0.2274140748873707
10529	trust	1	18.70569902472198	0.19615034108927903
10529	sharedreward	1	19.653748167911544	0.20539744405117474
10529	sharedreward	2	20.645811995491385	0.19632221454638263
10541	ugr	2	14.117558218364138	0.3960093046602186
10541	ugr	1	15.646409669599961	0.37801699138378464
10541	doors	1	11.940231555141509	0.4865189063222753
10541	socialdoors	1	14.174646567553282	0.3802700236430477
10541	trust	2	17.015343892388046	0.34340082084568885
10541	trust	1	18.254940235055983	0.2838173324233667
10541	sharedreward	1	16.908740874379873	0.3220619822497667
10541	sharedreward	2	13.521426204708405	0.3612086009256307
10559	ugr	2	15.45076871640049	0.24421701445685803
10559	ugr	1	13.520171754062176	0.19590331036660244
10559	doors	1	18.03374374276609	0.15041415298850616
10559	socialdoors	1	16.4177375305444	0.17779465717692536
10559	trust	1	15.334417298145127	0.2519479146815445
10559	trust	2	11.274653283180669	0.34273031958731703
10559	sharedreward	2	15.64487537369132	0.28012521110030086
10559	sharedreward	1	15.985446769278497	0.20652611414231545
10572	ugr	1	13.454132287530228	0.344786567408629
10572	doors	1	17.58347352175042	0.2868948852838813
10572	socialdoors	1	16.23672861792147	0.2756162710806274
10572	trust	1	17.825433670543134	0.2905693780970647
10572	trust	2	15.1960334982723	0.3764144153166521
10572	sharedreward	2	14.184552527149208	0.29326115122236446
10572	sharedreward	1	15.638968514977023	0.3256373528269385
10581	ugr	2	17.62634252139833	0.38944671194981567
10581	ugr	1	14.948886647529434	0.276248562503449
10581	doors	1	16.06993634038372	0.1950823174181001
10581	socialdoors	1	14.688011656398885	0.18491510482513074
10581	trust	1	14.455889465287328	0.20697863974616537
10581	trust	2	16.670128559693694	0.13301723895705392
10581	sharedreward	1	14.973767085932195	0.1836265204200745
10581	sharedreward	2	15.322639904916286	0.15713063560796575
10584	ugr	1	15.362717971613165	0.18326349815992793
10584	doors	1	16.5728542804718	0.1572711289999646
10584	socialdoors	1	17.47900641709566	0.11629140762683021
10584	trust	1	16.653812495060265	0.1117135859803009
10584	trust	2	17.841493765357882	0.11724524976657316
10584	sharedreward	1	18.971497093094513	0.1233699936574784
10603	ugr	1	15.754596368526109	0.3023953788602454
10603	doors	1	16.883897667052224	0.28649814353572567
10603	socialdoors	1	17.35537099954672	0.2996811756649693
10603	trust	2	17.01949334703386	0.3076863878311642
10603	trust	1	17.651554715121165	0.30443766763294106
10603	sharedreward	1	19.357388593489304	0.21465634684804913
10606	ugr	2	21.801492584869266	0.11813561925133394
10606	ugr	1	21.808093040715903	0.12347340959481345
10606	doors	1	21.88486789772287	0.11528769637840111
10606	socialdoors	1	22.585427307290956	0.10626172178074368
10606	trust	1	21.40046636457555	0.13428832076633812
10606	trust	2	20.70583736349363	0.13506337558670556
10606	sharedreward	2	22.861435463652015	0.08910101767319827
10606	sharedreward	1	22.294822977273725	0.11235969853255717
10608	ugr	2	21.383977309567854	0.17375695182351641
10608	ugr	1	22.434230636106804	0.18997138133132724
10608	doors	1	23.02792566549033	0.16313697581336617
10608	socialdoors	1	23.358098982775118	0.14458239934072256
10608	trust	1	22.930500537273474	0.15103666821372866
10608	sharedreward	2	19.872467376291752	0.18638049525920775
10608	sharedreward	1	23.339878920000046	0.1404407020440464
10617	ugr	1	14.71413324214518	0.3029142453980289
10617	doors	1	17.866626192233525	0.24987613291755206
10617	socialdoors	1	17.799456194392405	0.24167790666358996
10617	trust	1	18.982456370489672	0.21643893903337613
10617	trust	2	17.842799325822853	0.245951639409154
10617	sharedreward	1	18.35611426574178	0.2273826201654952
10640	ugr	2	31.490877483738586	0.09479615312587972
10640	ugr	1	32.71351091377437	0.10277278820638164
10640	doors	1	36.925827303901315	0.0918546603779077
10640	socialdoors	1	36.33518734574318	0.08981116029241665
10640	trust	1	30.93492352589965	0.10880491474031409
10640	trust	2	35.181034464156255	0.11075087573694477
10640	sharedreward	1	33.678814448649064	0.08734742771606559
10640	sharedreward	2	31.231999865267426	0.10610616091222544
10641	ugr	1	20.827828314271756	0.19377909286898073
10641	doors	1	21.647643732838333	0.1812185609647749
10641	socialdoors	1	21.112650093622506	0.1644189692275706
10641	trust	1	19.49630298279226	0.22991583572161983
10641	sharedreward	1	19.055654730880633	0.223136535784146
10647	ugr	1	38.207917772233486	0.12324051564692616
10647	ugr	2	41.03303277329542	0.1320985189294659
10647	doors	1	23.785547386156395	0.31913176181331687
10647	socialdoors	1	24.082686308771372	0.23511353425193204
10647	trust	2	30.493789439555258	0.16784373615451484
10647	trust	1	43.17638607986737	0.10060237816349671
10647	sharedreward	2	37.451250564772636	0.1084878767602563
10647	sharedreward	1	37.55968543072231	0.10934533301745633
10649	ugr	2	16.061909787822515	0.25987771227872364
10649	ugr	1	16.405463691509794	0.26292780060168247
10649	doors	1	20.031479322351515	0.1793933821159316
10649	socialdoors	1	20.094746842514724	0.21737398343367406
10649	trust	1	18.724839355854783	0.24300884987456253
10649	trust	2	19.303254436294083	0.2554998013778
10649	sharedreward	2	14.728353774058633	0.26939199494516913
10649	sharedreward	1	17.850927362742368	0.21201094161239428
10652	ugr	1	21.764729636139236	0.1627553103248578
10652	ugr	2	22.233027091715485	0.18604836734203586
10652	doors	1	20.429585886653513	0.17904477094665214
10652	socialdoors	1	22.11256313789636	0.20218430253366726
10652	trust	2	22.375022605643608	0.15458813235234828
10652	trust	1	21.741183519246988	0.1299875558554668
10652	sharedreward	2	21.570214163395576	0.18111768165274214
10652	sharedreward	1	21.392171317711473	0.17838697875045226
10656	ugr	1	20.526365542929852	0.1298552632030673
10656	ugr	2	19.88477411144413	0.1476340074157622
10656	doors	1	20.907944180071354	0.1290755103540394
10656	socialdoors	1	20.374622806499247	0.1252548405247912
10656	trust	1	20.89402974967379	0.1305759165063008
10656	trust	2	20.6327043659403	0.13185253151858883
10656	sharedreward	1	18.3113510068506	0.13677949882425264
10656	sharedreward	2	18.57707134546945	0.11361301756006446
10657	ugr	2	15.127578609623015	0.5549918536499889
10657	ugr	1	14.350949134677649	0.4712631797202197
10657	doors	1	16.321236795047298	0.4099858390967223
10657	socialdoors	1	18.220068478491157	0.2989203640615505
10657	trust	2	16.149625102523714	0.38456025992914117
10657	trust	1	16.766081120818853	0.31105811129015465
10657	sharedreward	2	15.055419396143407	0.3243072546215762
10657	sharedreward	1	18.066908829146996	0.262940620846501
10661	ugr	1	21.574871899792925	0.09843786537475697
10661	ugr	2	21.810962037183344	0.0993344683712546
10661	doors	1	21.068164686206728	0.08978060861951907
10661	socialdoors	1	20.675680472515523	0.10866480286571217
10661	trust	2	18.248380289878696	0.1369559238841106
10661	trust	1	19.49710924224928	0.10795630966200614
10661	sharedreward	2	20.508875723462552	0.09125943444124512
10661	sharedreward	1	20.372580718947574	0.10737996353828365
10663	ugr	2	20.445147556602024	0.22433400675136103
10663	ugr	1	17.06089121417608	0.22982562708347598
10663	doors	1	20.051542103290558	0.2218683061812101
10663	socialdoors	1	23.06926468294114	0.1599350437163684
10663	trust	2	24.180258478736505	0.0988259082499758
10663	trust	1	25.56516963802278	0.10190599634423013
10663	sharedreward	1	20.090794269461185	0.20202313424676913
10663	sharedreward	2	22.50006625475362	0.15474564912938737
10668	ugr	1	27.398667990230024	0.12750731789980269
10668	doors	1	36.44519353623036	0.09707878475269413
10668	socialdoors	1	23.530554427648894	0.11893987483815041
10668	trust	2	31.269914988661185	0.10432496308046565
10668	trust	1	16.585888101020828	0.11134561288452245
10668	sharedreward	1	30.705809911713004	0.08460352339181416
10674	ugr	2	22.587718561291695	0.08905109726368245
10674	ugr	1	22.944961841683835	0.07917628653932496
10674	doors	1	22.65293011907488	0.09600686996860619
10674	socialdoors	1	22.076626671128906	0.09388437517350598
10674	trust	2	18.72301963623613	0.119547622172443
10674	trust	1	21.239211364416406	0.08898149940917667
10674	sharedreward	1	21.286554642836563	0.08848350675400778
10674	sharedreward	2	18.581877283751965	0.15822761843895888
10677	ugr	1	12.828738711308688	0.3134024751811428
10677	ugr	2	13.96435575792566	0.24964510468493423
10677	doors	1	17.471544525877107	0.23816253264166806
10677	socialdoors	1	20.209432974806987	0.14401661814530636
10677	trust	1	18.96200744714588	0.1720852245909611
10677	trust	2	19.474885131872725	0.2132371737341254
10677	sharedreward	1	15.969098768080585	0.20282493288854936
10677	sharedreward	2	14.67009268363472	0.22741771531136223
10685	ugr	1	35.57661193655804	0.06765574882743777
10685	ugr	2	34.05534439138137	0.07874444607941032
10685	doors	1	33.60478112194687	0.07016933840994269
10685	socialdoors	1	38.303606763482094	0.06216034284959596
10685	trust	1	36.283057142281905	0.061102607485651814
10685	trust	2	37.7963532959111	0.07202110967859623
10685	sharedreward	1	34.67977670347318	0.10055551454083761
10685	sharedreward	2	16.39999687555246	0.16017964777809485
10690	ugr	1	30.555646439781412	0.2579399230438059
10690	doors	1	29.96824718778953	0.25187895676394856
10690	socialdoors	1	32.69504990777932	0.24411225142399895
10690	trust	1	31.083517341467086	0.2529478034387897
10690	sharedreward	2	30.894776622066274	0.24995108383553918
10690	sharedreward	1	29.115116528235376	0.240231139336415
10691	ugr	1	21.535255595343187	0.11197991155842403
10691	ugr	2	19.768166528549045	0.13440768691297358
10691	doors	1	21.916645319201052	0.12918949661589862
10691	socialdoors	1	19.92585685593076	0.153146308290115
10691	trust	2	20.37520038394723	0.1699852728868154
10691	trust	1	21.299182020593435	0.16156614081974202
10691	sharedreward	2	21.021105451509356	0.1550668564357419
10691	sharedreward	1	20.764830030617304	0.15334968950739644
10700	ugr	1	23.909259354695678	0.16724155974302848
10700	ugr	2	23.473525799578056	0.1791382897035503
10700	doors	1	23.831699697766453	0.14117034109632468
10700	socialdoors	1	23.31614578794688	0.17513919872816403
10700	trust	2	19.07647281792015	0.2122711544661634
10700	trust	1	19.727645806618966	0.15973725941109487
10700	sharedreward	1	17.32006183010526	0.22000181096266694
10700	sharedreward	2	22.76364505069796	0.11829818028276069
10701	ugr	2	20.79118273453787	0.07803732948996828
10701	ugr	1	22.50519052706659	0.07442141750749441
10701	doors	1	20.74933933187276	0.09298287006842126
10701	socialdoors	1	21.1434758908581	0.0879520197897477
10701	trust	2	18.870225875638425	0.11248619626199347
10701	trust	1	19.036840407177806	0.08223297928585398
10701	sharedreward	1	19.766650064382702	0.0730880384921454
10701	sharedreward	2	20.071531168883666	0.08368850599759943
10713	ugr	1	26.73045271995943	0.3833244498828356
10713	doors	1	22.108661085017957	0.4651633898749465
10713	socialdoors	1	29.637403216212988	0.3511372345371341
10713	trust	1	25.432830110541545	0.3021247610468922
10713	trust	2	28.708712822990492	0.24824176589136188
10713	sharedreward	1	24.878204844892025	0.32570007564886766
10713	sharedreward	2	25.178530924371444	0.38517421773441324
10716	ugr	1	33.55369383003563	0.17136684862936208
10716	ugr	2	23.510049296543002	0.38407222526982243
10716	doors	1	34.78382369503379	0.16263143573838734
10716	socialdoors	1	33.00141060515307	0.16028407631830294
10716	trust	1	32.365879527060315	0.17397061457391438
10716	trust	2	36.81258559890557	0.17292597269155982
10716	sharedreward	2	34.89170161716174	0.17458004862488546
10716	sharedreward	1	33.01221119728871	0.17462819035424115
10723	ugr	2	21.245509171276353	0.11807406786702705
10723	ugr	1	18.834001318435185	0.12296053438958994
10723	doors	1	18.58043558697682	0.10700045268938856
10723	socialdoors	1	18.10165691957809	0.10473792747926752
10723	trust	1	18.63032355904579	0.11342253986271522
10723	trust	2	19.06545193528291	0.11769225452645694
10723	sharedreward	1	19.30065262026619	0.10956603461064139
10723	sharedreward	2	14.85066413716413	0.15254455111050297
10741	ugr	2	19.382482937071472	0.1851896446702919
10741	ugr	1	19.824539086781442	0.2121402620523052
10741	doors	1	21.087054695468396	0.1392318715582149
10741	socialdoors	1	21.07956490057404	0.13802080099783925
10741	trust	1	17.426317324861884	0.21015252026403516
10741	trust	2	11.368353829602711	0.6930969018426779
10741	sharedreward	1	17.31644941517152	0.19685070500927224
10741	sharedreward	2	17.213339798385277	0.221642652736534
10748	ugr	2	28.349712484749034	0.11737219372399353
10748	ugr	1	35.06662507681176	0.09362118870534052
10748	doors	1	37.92344911326654	0.09021391521794861
10748	socialdoors	1	38.08031519688666	0.08761359866622467
10748	trust	2	36.1418981438037	0.11418778641797175
10748	trust	1	34.38224573829211	0.09462774772554376
10748	sharedreward	1	36.751562423072755	0.10153993018186609
10748	sharedreward	2	35.20740984601434	0.10503235614586344
10770	ugr	2	26.944373544305563	0.29579503826156894
10770	ugr	1	19.774299226817675	0.21263314155797067
10770	doors	1	27.564457704662345	0.2270850527816808
10770	socialdoors	1	28.05692548281513	0.2744003895497353
10770	trust	1	22.32967659831047	0.2723492912390996
10770	trust	2	22.276365294354036	0.2637168950732393
10770	sharedreward	1	21.16132745408686	0.2312091284374374
10770	sharedreward	2	26.533426020294428	0.24747780373919542
10777	ugr	1	36.175477389246225	0.12511520826208034
10777	doors	1	35.718739941716194	0.13008988486743464
10777	socialdoors	1	35.07953158649616	0.1281226706167573
10777	trust	1	33.49475736601744	0.11644754115465106
10777	sharedreward	1	35.813560858368874	0.12502418012927477
10777	sharedreward	2	29.05247789074201	0.16085713132942367
10781	ugr	2	26.645721289794892	0.10278863162970626
10781	ugr	1	25.69809952081414	0.11246529867666562
10781	doors	1	29.842022001743317	0.10844256867719208
10781	socialdoors	1	26.769685875391588	0.09678968582315425
10781	trust	1	30.70834668423049	0.10085459945940915
10781	trust	2	29.328384388703853	0.09469545850537274
10781	sharedreward	1	29.85300845745951	0.10041614320891547
10781	sharedreward	2	31.492889347311575	0.09859653908770265
10783	ugr	2	32.02396521787159	0.27257866831929295
10783	ugr	1	33.04593899147585	0.22533770778069714
10783	doors	1	34.64496683049947	0.19564125937843393
10783	socialdoors	1	34.46997749386355	0.22074944595670234
10783	trust	2	33.12982913234737	0.24534156356367245
10783	trust	1	33.581353023066185	0.23765273821370214
10783	sharedreward	2	31.310958808287978	0.320379559526587
10783	sharedreward	1	31.306134776910767	0.32290422697750776
10785	ugr	1	35.475160067901015	0.18327036219366463
10785	ugr	2	36.099729824170936	0.1817132678740974
10785	doors	1	31.793689514044672	0.20704328508330294
10785	socialdoors	1	33.991656618891284	0.1933916260745133
10785	trust	2	27.021541873225942	0.19446705108959977
10785	trust	1	29.14315740368329	0.24004939267016373
10785	sharedreward	2	31.808652845211327	0.19141583696349224
10785	sharedreward	1	30.83370081265457	0.2186508171935088
10794	ugr	1	32.44252840487752	0.06742870697024818
10794	ugr	2	30.211798287928104	0.0872137395941846
10794	doors	1	35.96586871880572	0.056031567408123276
10794	socialdoors	1	34.479472221806645	0.06113109675562032
10794	trust	2	29.62107979785651	0.08056299661444657
10794	trust	1	34.02803047653288	0.06711710511891923
10794	sharedreward	2	32.13845735555515	0.06771403949488777
10794	sharedreward	1	31.390786825795658	0.06175541468440794
10802	ugr	2	36.956129972822964	0.1138848493908365
10802	ugr	1	30.826871015131474	0.12675932577234691
10802	doors	1	28.63885670900345	0.14204070715080527
10802	socialdoors	1	30.219323164783418	0.11681386612808181
10802	trust	2	24.44655106961727	0.15944292230963758
10802	trust	1	29.01585549477022	0.159347220819429
10802	sharedreward	1	27.45054562110454	0.1292130329568501
10802	sharedreward	2	27.4889759067446	0.15617464569649994
10803	ugr	1	34.537238045595586	0.15442690382119117
10803	doors	1	38.48069382912945	0.10600136342240558
10803	socialdoors	1	38.90724756941199	0.08493895621550668
10803	trust	1	38.81502591795288	0.06607045146681574
10803	sharedreward	1	40.550776064628735	0.06770962468914164
10804	ugr	1	38.69147403491661	0.13290359798624388
10804	ugr	2	31.517189499922097	0.17570035030375705
10804	doors	1	36.430336652789265	0.13627167632217144
10804	socialdoors	1	39.81764687632676	0.12098034359696477
10804	trust	1	39.94066768139601	0.10303833241424139
10804	trust	2	36.91669753566384	0.136310488989028
10804	sharedreward	2	36.74886987765785	0.15282056607444153
10804	sharedreward	1	39.05726412660442	0.11499576207357538
10806	ugr	1	35.53538328339346	0.1319711813868987
10806	ugr	2	34.39097644016147	0.13222684522574593
10806	doors	1	37.376976761966944	0.1418825355585516
10806	socialdoors	1	38.90481945523061	0.131654888150533
10806	trust	2	26.582560373703018	0.19554965664457352
10806	trust	1	27.208855859935284	0.14246872276887632
10806	sharedreward	1	20.385611061239615	0.2881449029926833
10806	sharedreward	2	13.984296363196336	0.36742588716180946
10810	ugr	1	32.45693404460326	0.18084458092340308
10810	ugr	2	33.18677373742685	0.18228747097731468
10810	doors	1	32.806626830715686	0.16708363066275428
10810	socialdoors	1	32.0842715408653	0.2022622763093571
10810	trust	1	27.97296466084663	0.20094214603371652
10810	trust	2	27.689803733490407	0.22168877185440314
10810	sharedreward	2	26.759084255318157	0.20523002443713506
10810	sharedreward	1	32.15734362695366	0.19545536258908183
10812	ugr	2	33.443852917756885	0.1568648055267339
10812	ugr	1	26.396853260928765	0.21909784160206952
10812	doors	1	27.12994878552854	0.17547276696460753
10812	trust	1	17.319033315288834	0.2917642699197711
10812	trust	2	26.489398527424783	0.22015127964409847
10812	sharedreward	1	26.160561115597375	0.1758926052909304
10812	sharedreward	2	28.055954910232686	0.15878771784202253
10817	ugr	1	25.71149210992735	0.25784531352781154
10817	doors	1	28.189410195685923	0.2124819456974466
10817	socialdoors	1	29.127643639221787	0.28221474112820744
10817	trust	1	17.449897006736137	0.2557181786994181
10817	trust	2	28.79382794984849	0.2479605462005453
10817	sharedreward	2	21.42345779936295	0.3579642664265468
10817	sharedreward	1	28.447217589709908	0.22249883356725655
10827	ugr	1	33.041462283348665	0.10735718900488156
10827	ugr	2	32.423891189624555	0.11166105228633877
10827	doors	1	34.470052659511566	0.11939461813753406
10827	socialdoors	1	34.71324730664492	0.12110020488008594
10827	trust	1	33.62599841784686	0.13851891590033905
10827	trust	2	33.454614512622356	0.14621043100209757
10827	sharedreward	1	32.864123028935865	0.13088805046883428
10827	sharedreward	2	33.86921421310399	0.1394012790788183
10836	ugr	1	25.162345130345784	0.2016475000809036
10836	socialdoors	1	30.81804615445435	0.2073049977327694
10836	trust	1	27.181587878149003	0.19739252155536163
10838	ugr	1	17.843430348671973	0.22652775855259372
10838	ugr	2	25.824728237930685	0.2096380668144783
10838	doors	1	22.077396988053806	0.19217778173985908
10838	socialdoors	1	30.130591082852334	0.13963777116275516
10838	trust	1	16.53812097979244	0.2449969603084572
10838	trust	2	9.591795766318683	0.6791523908194388
10838	sharedreward	2	10.225290176691487	0.35884970458380094
10838	sharedreward	1	27.002265600836836	0.1381313921075185
10843	ugr	1	30.673594064894132	0.189520806373483
10843	ugr	2	31.456162207759917	0.12165779072729092
10843	doors	1	40.11610869434662	0.11214678247212093
10843	socialdoors	1	30.256928918184713	0.1579256672218757
10843	trust	1	37.27373128407635	0.13473069897786286
10843	trust	2	35.33397776260972	0.14920198031169093
10843	sharedreward	2	39.806123204762116	0.11970740148298216
10843	sharedreward	1	40.89041132014245	0.13016273020253302
10850	ugr	2	38.39499703189358	0.09298496383293037
10850	ugr	1	40.01599846966565	0.08493641289824679
10850	doors	1	37.50520420144312	0.08623288317486068
10850	socialdoors	1	37.3241256326437	0.08927511033365271
10850	trust	2	39.83298534527421	0.09117573451312065
10850	trust	1	36.29747662227601	0.09857472624546199
10850	sharedreward	2	35.39121371705551	0.10098819763657757
10850	sharedreward	1	39.87037665385287	0.07794039024566418
10854	ugr	2	33.21841715159826	0.15697712877571418
10854	ugr	1	33.30165621964261	0.12283212010693169
10854	doors	1	31.95791659760289	0.16160495666279942
10854	socialdoors	1	25.94312990398612	0.158177395074527
10854	trust	2	31.815184723818675	0.12051174628791199
10854	trust	1	32.92027210188098	0.10391788758741245
10854	sharedreward	1	28.870874564512633	0.13990140181895225
10854	sharedreward	2	32.98894356843084	0.1422499546135927
10858	ugr	2	26.03675578068942	0.21592729762160212
10858	ugr	1	25.783086255192757	0.2919619136673548
10858	doors	1	19.02663253247738	0.4574788485754475
10858	socialdoors	1	23.610931738978252	0.2973019070557684
10858	trust	2	28.744454844854772	0.256926986832888
10858	trust	1	18.242282903403975	0.282239814334086
10858	sharedreward	2	22.063286447664723	0.2584111391144218
10858	sharedreward	1	18.52521633915603	0.23444383158687132
10860	ugr	1	26.51572862244211	0.11873338807783727
10860	ugr	2	29.67061597702559	0.11777044534330627
10860	doors	1	30.76363811211195	0.12703439119361853
10860	socialdoors	1	33.00347422808409	0.10779439417834855
10860	trust	1	27.438636436359957	0.14562895813257604
10860	trust	2	25.226383172674105	0.133800033405429
10860	sharedreward	2	18.3927322254749	0.2467278250728567
10860	sharedreward	1	33.56719272583723	0.10280427116802798
10862	ugr	1	27.910081096575595	0.18651600139795643
10862	ugr	2	23.898654549731873	0.17440803317972292
10862	doors	1	27.24945879308507	0.16504291301716253
10862	socialdoors	1	28.014902338385582	0.16412488182919358
10862	trust	2	23.279689499759115	0.17595580338079858
10862	trust	1	25.386379828560166	0.1747841744430893
10862	sharedreward	2	24.046925361966714	0.1834808876163672
10862	sharedreward	1	29.067647769348696	0.16715141912673762
10875	ugr	1	33.37745197786717	0.1408938554526266
10875	ugr	2	25.743841759627685	0.13703252877218108
10875	doors	1	31.75097963050939	0.15080040393907254
10875	socialdoors	1	29.29876235127449	0.1515680036773654
10875	trust	1	30.219634270761162	0.14711138523466813
10875	trust	2	34.33923537260853	0.14933331090159346
10875	sharedreward	2	28.620717217912897	0.14820416991191507
10875	sharedreward	1	22.266550504835322	0.1662169808774802
10881	ugr	1	11.234334063366987	0.5831417016745207
10881	doors	1	13.862191072199494	0.6378550738767936
10881	socialdoors	1	22.431440379587002	0.3956347375290662
10881	trust	1	13.585842634784058	0.6730936495130229
10881	sharedreward	1	16.817810833104886	0.6041277702140709
10886	ugr	2	25.03991559916176	0.30720391301749994
10886	ugr	1	29.086060367524624	0.2920089200260302
10886	doors	1	22.692940606735647	0.3638368770309873
10886	socialdoors	1	20.355146850575693	0.5222982208755385
10886	trust	1	12.480302833719179	0.6246400112409839
10886	sharedreward	1	15.9201572308084	0.5318589323264302
10887	ugr	1	45.38888770155609	0.08258877989370862
10887	ugr	2	39.807132059242576	0.0798327950488429
10887	doors	1	34.10197172057815	0.11818209680096194
10887	socialdoors	1	25.972732864320278	0.19765095051697387
10887	trust	2	13.295103035867214	0.5442350941663373
10887	trust	1	22.68754112685565	0.1958910470072133
10887	sharedreward	1	17.10588157235179	0.23254940567124657
10887	sharedreward	2	14.30587606667541	0.37097436396023087
10896	ugr	1	31.45199265051633	0.19557228014652323
10896	ugr	2	34.73576696251985	0.19051286436668097
10896	doors	1	32.383353570243344	0.14908858738202757
10896	socialdoors	1	32.72622711432632	0.15321307542071466
10896	trust	2	33.8719874471426	0.16674994492525305
10896	trust	1	34.33585459529422	0.18340805774505908
10896	sharedreward	1	27.95414224261185	0.20395383365238623
10896	sharedreward	2	35.06149753625505	0.17856343039079683
10897	ugr	1	31.352596785058267	0.14039513334417503
10897	ugr	2	26.480786081403494	0.16041185901251231
10897	doors	1	19.8657269787509	0.16359231950277864
10897	socialdoors	1	20.845909886062145	0.18709053003678083
10897	trust	1	23.215033660875633	0.18591468443938075
10897	sharedreward	1	25.47970467567211	0.15713978309598506
10908	ugr	2	17.764462721534073	0.3224887811334561
10908	ugr	1	14.08048420760315	0.3418379196888668
10908	doors	1	21.90714535152074	0.2642496858592217
10908	socialdoors	1	13.715591370186303	0.5697114540933059
10908	trust	1	17.338802797487006	0.35481319566229064
10908	trust	2	18.660147828049958	0.3496643217998925
10908	sharedreward	1	14.876102945068851	0.3083462458956366
10908	sharedreward	2	19.318286195630208	0.31085163353092465
10913	ugr	2	29.748644356732257	0.25450788940502306
10913	ugr	1	26.64134843100328	0.2493579781995205
10913	sharedreward	1	30.660518754448276	0.25424885521376805
10913	sharedreward	2	23.504386311105918	0.2849068234079075
10918	ugr	1	39.24889424582943	0.14201275989789217
10918	ugr	2	39.334611631929874	0.1405637162179086
10918	doors	1	40.42145125567913	0.10296038374176546
10918	socialdoors	1	34.63124744547531	0.13475834850372023
10918	trust	1	24.127610228955746	0.13469262427459894
10918	trust	2	42.10382718080655	0.1260448020214819
10918	sharedreward	1	28.55225320183672	0.11645272349064895
10918	sharedreward	2	34.00765451649204	0.12270086221100575
10919	ugr	2	25.140854918863624	0.3302152603248163
10919	ugr	1	28.86861663829768	0.29716920940193015
10919	doors	1	30.762412930373102	0.1853328446260066
10919	socialdoors	1	24.322126981860492	0.2852087606510212
10919	trust	2	31.93802592670545	0.16196113225087289
10919	trust	1	31.47331388911698	0.16182556272256102
10919	sharedreward	1	20.220180146046914	0.24331661307801777
10919	sharedreward	2	18.43339750217274	0.2919089091532985
10924	ugr	2	38.466260452754796	0.12260950191526188
10924	ugr	1	39.09259960491909	0.11381965463145431
10924	doors	1	39.27630367688835	0.11439259550127118
10924	socialdoors	1	37.99328969151247	0.12242811328777303
10924	trust	2	39.994615972973406	0.14250758330013086
10924	trust	1	28.002993950387463	0.1530334421567045
10924	sharedreward	1	39.61606183787808	0.13038411326155364
10924	sharedreward	2	38.752342850668356	0.17203952742508086
10926	ugr	2	27.10509280115366	0.3930821496241403
10926	ugr	1	27.64907228318043	0.4355187315027392
10926	doors	1	27.406486241379753	0.45096750406026487
10926	socialdoors	1	29.065276795299724	0.3431853573375834
10926	trust	1	20.765661763725802	0.5910462782651974
10926	sharedreward	1	18.557653988013044	0.59654417552979
10926	sharedreward	2	23.868159507401288	0.515722599535732
10928	ugr	1	34.995486283209175	0.20671458729798267
10928	ugr	2	34.728199810837395	0.20060317953877588
10928	doors	1	36.09748721681535	0.20412245862726872
10928	socialdoors	1	35.995895790169016	0.20147326383507036
10928	trust	1	31.81412750983145	0.2469394894260825
10928	sharedreward	1	32.421805484220386	0.22055296560351076
10928	sharedreward	2	28.037937529035844	0.26442157951726075
10929	ugr	1	34.563012283761054	0.17104463692497276
10929	ugr	2	30.93480811151676	0.17804568335541085
10929	doors	1	34.479899941710755	0.17896395392447928
10929	socialdoors	1	32.81643645372242	0.17550563922844914
10929	trust	1	29.58556134731043	0.1854251588398254
10929	sharedreward	2	33.18079358735122	0.16765573624584654
10929	sharedreward	1	31.328720986144617	0.1861611225688447
10930	ugr	2	36.41145729739219	0.09389625954087266
10930	ugr	1	33.632204399909824	0.09672200324121519
10930	doors	1	33.54618071636651	0.08661088732741559
10930	socialdoors	1	34.537388634402305	0.09911569594102201
10930	trust	2	34.15876922220923	0.1251606530809373
10930	trust	1	32.159839428495616	0.12887118244226636
10930	sharedreward	1	36.35164342651842	0.1079726232578119
10930	sharedreward	2	26.991777809918858	0.1067566252853726
10938	ugr	1	33.61666733631864	0.21989286635157104
10938	ugr	2	35.031279317918234	0.25005272636490555
10938	doors	1	30.07496483786963	0.25580217792761173
10938	socialdoors	1	25.459135839017108	0.2854455825624158
10938	trust	2	23.394266636460088	0.3481069386220538
10938	trust	1	23.818788562493864	0.3133251900662809
10938	sharedreward	1	30.66525240446208	0.24087558829921468
10938	sharedreward	2	20.870802436955273	0.3069897745166944
10940	ugr	2	22.552706599410158	0.09976090314482546
10940	ugr	1	37.036209532874636	0.10610817974868547
10940	doors	1	32.16083264909685	0.109213441418117
10940	socialdoors	1	33.91417577036191	0.08318677458185313
10940	trust	1	34.857641821261495	0.09136089443241674
10940	trust	2	32.07699239999056	0.06974610319138409
10940	sharedreward	2	29.563819106435403	0.09398988291150952
10940	sharedreward	1	30.95393723458983	0.140030001341243
10950	ugr	2	30.059309248114005	0.1998747447009635
10950	ugr	1	33.84561465145089	0.11620987923624183
10950	doors	1	33.05416797101498	0.13187270418977143
10950	socialdoors	1	29.122793497284874	0.21895972802858021
10950	trust	1	22.48074307932984	0.2504094111267352
10950	trust	2	17.324367201304995	0.38434600217961945
10950	sharedreward	2	20.248095007846132	0.31159363766114023
10950	sharedreward	1	19.26375883689616	0.42600640324866756
10951	ugr	1	29.04773833695799	0.19137040576553027
10951	ugr	2	27.204355286085047	0.1739438154874694
10951	doors	1	30.1422720705159	0.15655811631978586
10951	socialdoors	1	22.322319242637604	0.23015226773859893
10951	sharedreward	1	23.50021436822135	0.2562658266320721
10951	sharedreward	2	23.306834301911294	0.3028849831400937
10952	ugr	2	34.83934602991212	0.08047851856910011
10952	ugr	1	32.06811765395105	0.09708475987878386
10952	doors	1	30.817200053832494	0.09666215176164174
10952	socialdoors	1	34.98213774804026	0.07925714245966671
10952	trust	1	23.4767181747593	0.20274018909891
10952	sharedreward	2	24.63573066610843	0.14480103982104217
10952	sharedreward	1	23.762423560023308	0.17967395795373287
10953	ugr	2	26.62920273130294	0.4922062176006711
10953	ugr	1	23.410833483561873	0.42814467053625166
10953	doors	1	24.373804278555326	0.45157622085876337
10953	socialdoors	1	23.654700946994126	0.4148757016173847
10953	trust	2	28.892435827292502	0.39227796018009653
10953	trust	1	32.462716104928404	0.31860862433315296
10953	sharedreward	1	25.255820809397846	0.3808152596452803
10953	sharedreward	2	22.080878651468083	0.48613598231200483
10954	ugr	1	31.38244856498204	0.20972317940850038
10954	ugr	2	28.753760278224945	0.3258782927891428
10954	doors	1	18.50279462977778	0.3334680546767173
10954	socialdoors	1	20.71283229428809	0.4973363355811735
10954	trust	1	16.581281213555485	0.45582470818191845
10954	trust	2	16.16722450812813	0.5007686660580563
10954	sharedreward	2	18.910968835814856	0.5379381963062605
10954	sharedreward	1	17.98329458758235	0.4548060798536211
10956	ugr	1	38.37223335285671	0.08945510768149982
10956	ugr	2	36.34141191735398	0.09919645970754856
10956	doors	1	37.935941983014345	0.0925782046531474
10956	socialdoors	1	43.594310600310564	0.08533548633837976
10956	trust	2	44.63037613150664	0.08280583359078374
10956	trust	1	38.58252310985699	0.08026908521428874
10956	sharedreward	1	39.404804685967974	0.09192437186003026
10956	sharedreward	2	40.20585748029407	0.0878923190925847
10958	ugr	1	28.151769363321364	0.17776004933591807
10958	ugr	2	19.470921545289457	0.2976233049912042
10958	doors	1	32.68739897059277	0.11736139050014031
10958	socialdoors	1	23.47143360308837	0.17669487160820202
10958	trust	2	15.964216273685452	0.43451386602364045
10958	trust	1	15.324504524236545	0.24206284436235095
10958	sharedreward	2	23.14244057738688	0.3176405003138026
10958	sharedreward	1	26.507442495785654	0.16164811516154015
10961	ugr	2	33.75605810806155	0.17020686337298324
10961	ugr	1	35.80983914248645	0.14925467109640914
10961	doors	1	34.933707406162284	0.15013332125746223
10961	socialdoors	1	36.220238191541284	0.15243255092924846
10961	trust	2	37.47078234318178	0.14151692549051678
10961	trust	1	37.47950680973008	0.1409165395719155
10961	sharedreward	2	35.134520770807285	0.14239190693769954
10961	sharedreward	1	36.35638897889294	0.1446948346682624
10964	ugr	1	25.379464868688956	0.21831456713511815
10964	ugr	2	27.134719498688355	0.2613117873653621
10964	doors	1	29.67892945278436	0.21446793087749613
10964	socialdoors	1	24.88839653902687	0.1965295099103452
10964	trust	2	20.098693432169966	0.31795567052241214
10964	trust	1	19.14296306692995	0.35975402304364673
10964	sharedreward	2	24.147492586052977	0.32103707599025705
10964	sharedreward	1	27.38254626095295	0.2118239337744785
10966	ugr	1	35.203995110001415	0.10608696494833351
10966	ugr	2	29.58718761219643	0.14015683358941386
10966	doors	1	36.04792753700167	0.10485368788899743
10966	socialdoors	1	36.44733439577976	0.07963086426560961
10966	trust	2	25.079885460378136	0.11075661039036179
10966	trust	1	30.264575411449187	0.1097480365118925
10966	sharedreward	1	33.01217672787607	0.11211016800411558
10966	sharedreward	2	22.940110051597003	0.16644859584356697
10969	ugr	1	39.50040319561958	0.05701905645211811
10969	ugr	2	38.172819605097175	0.0601379261961617
10969	doors	1	35.0656348192133	0.07796780970165236
10969	socialdoors	1	39.01868898794055	0.0756606683839926
10969	trust	1	37.141908107092604	0.06649226523941933
10969	trust	2	35.43041439948138	0.07122182299105163
10969	sharedreward	1	37.383064072811976	0.06995636535011113
10969	sharedreward	2	40.41109085432254	0.05461826555395345
10974	ugr	2	24.654983699903823	0.4004735325308527
10974	ugr	1	19.863708737539127	0.626741662567607
10974	doors	1	27.528594197821803	0.2857969498244589
10974	socialdoors	1	17.77245531056542	0.7399225318053254
10974	trust	1	17.6342135660816	0.8173700763852123
10974	trust	2	13.181070133461617	0.8819747081784144
10974	sharedreward	1	20.60876604169607	0.562994161302209
10974	sharedreward	2	29.090376047766767	0.32839266626774044
10977	ugr	1	36.45781156886369	0.1095271398761152
10977	ugr	2	38.40139724931214	0.11311652288457877
10977	doors	1	36.321520644414704	0.11020134053204017
10977	socialdoors	1	37.21648843202274	0.10323573935681896
10977	trust	1	18.391713110730052	0.16952741346093006
10977	sharedreward	2	38.60205348604359	0.09848533940073799
10977	sharedreward	1	35.52666360884905	0.10646148033085695
10979	doors	1	39.111364274518564	0.1437653767411273
10979	socialdoors	1	38.09624027344398	0.132430034370926
10979	trust	2	39.39695498952642	0.10236096739715826
10979	trust	1	37.38638155767694	0.12987774456353562
10979	sharedreward	2	39.70541259041056	0.11796867774249997
10979	sharedreward	1	38.503657925873995	0.11921884468232188
10983	ugr	1	28.1359133758815	0.3046635572026673
10983	ugr	2	27.156000323360786	0.22240981431003515
10983	doors	1	29.397951106424443	0.24793940442945223
10983	socialdoors	1	31.061100937775336	0.19883382029490554
10983	trust	1	31.458682511583902	0.2150447530955788
10983	trust	2	19.482208648114465	0.45265018363424825
10983	sharedreward	1	27.487456292670686	0.3229198523680969
10983	sharedreward	2	23.55120145715773	0.32499959540956763
10998	ugr	1	35.21643640566617	0.121182144550286
10998	ugr	2	27.497279672243167	0.11892916222629206
10998	doors	1	33.57185452617705	0.10769795961970056
10998	socialdoors	1	38.52942593861371	0.10472767401931045
10998	trust	1	33.174801592482254	0.12517716650320773
10998	trust	2	37.55176409706473	0.11737306189060834
10998	sharedreward	1	40.67108649830334	0.10923683809817082
10998	sharedreward	2	33.912873511668295	0.11762752251697302
11005	ugr	1	6.255172839271836	2.100022948929866
11005	ugr	2	7.423367285984568	1.4151096598077202
11005	doors	1	6.401078537281137	0.7331077920113402
11005	socialdoors	1	6.025188467756379	2.7969148917355557
11005	trust	1	20.35986951610539	0.31222712758352844
11005	trust	2	12.91475818073377	0.3202942099335159
11005	sharedreward	1	9.81073365197517	0.5468662534709227
11005	sharedreward	2	6.4949562717811204	1.30325289081171
11007	ugr	1	23.75557516119443	0.2465136542368682
11007	ugr	2	15.081089552957565	0.3503278161713706
11007	doors	1	23.125094014802016	0.2204402313129945
11007	socialdoors	1	24.65325918328017	0.19255820624886766
11007	trust	1	29.698921993840486	0.20104439794157153
11007	trust	2	21.74002724920865	0.22690991051346562
11007	sharedreward	2	14.561997650074773	0.5126720626566694
11007	sharedreward	1	22.97794220794458	0.2207750424537411
11012	ugr	1	28.540864701848477	0.1765568275097063
11012	ugr	2	29.77771256119013	0.1475454372083315
11012	doors	1	25.147096425527707	0.17311270702547196
11012	socialdoors	1	28.89381435129326	0.15681353551169194
11012	trust	1	25.68055202718824	0.15606930162734517
11012	trust	2	35.07321217469871	0.15338421438223038
11012	sharedreward	2	32.406383267603815	0.14505657079571208
11012	sharedreward	1	27.62654819583986	0.15389569751434745
11016	ugr	1	32.964795894455165	0.12516194899359853
11016	ugr	2	30.572735035326332	0.21161690319742577
11016	doors	1	39.469995914259925	0.11013677652591747
11016	socialdoors	1	42.119293779542204	0.09741679931258504
11016	trust	2	39.23184253158979	0.12648971371355006
11016	trust	1	37.4018715940183	0.11519504320337629
11016	sharedreward	1	36.02758982422529	0.0999475242776097
11016	sharedreward	2	37.617107164114714	0.11000498302398838
11021	ugr	2	34.23693565442227	0.15592820700111737
11021	ugr	1	39.51308750780299	0.1163502695860422
11021	doors	1	37.47949006478302	0.1463797766137412
11021	socialdoors	1	34.77794976322912	0.15608397281391276
11021	trust	1	34.27997507771943	0.14950749227200089
11021	trust	2	35.55823442572728	0.15613910619710758
11021	sharedreward	1	28.76222157245502	0.13530489649288807
11021	sharedreward	2	37.48174248228315	0.1458658198934578
11030	ugr	1	30.57818260800559	0.134035176985529
11030	ugr	2	32.9855750023853	0.13462614587975508
11030	doors	1	34.888047423097305	0.1142743091630636
11030	socialdoors	1	28.645019620656967	0.1229969375567489
11030	trust	2	31.238765657879412	0.14822433811514993
11030	trust	1	29.818109622225165	0.15265867301386393
11030	sharedreward	1	32.34136370033957	0.11180708630091739
11030	sharedreward	2	24.534085661522113	0.12437880627287994
11031	ugr	1	27.404312438797206	0.1522729975333077
11031	ugr	2	30.339435804868117	0.15977724224368484
11031	doors	1	34.1135412491858	0.16812566857130332
11031	socialdoors	1	35.209522745688446	0.13487485011138386
11031	trust	1	39.73677856789436	0.11453530175066318
11031	trust	2	39.09756148816086	0.11853828662690143
11031	sharedreward	1	37.52507607755251	0.12855227559409052
11031	sharedreward	2	37.63606729055755	0.14813803170733375
11036	ugr	2	35.520878001116216	0.0970153237085014
11036	ugr	1	35.22947429458145	0.07925515642229923
11036	doors	1	30.044400686165318	0.08217379258163685
11036	socialdoors	1	36.53817470278591	0.06372533691057906
11036	trust	2	35.17712078813929	0.08099357326626318
11036	trust	1	33.81889181013685	0.09970158113362793
11036	sharedreward	1	31.691495455568656	0.09296209521497444
11036	sharedreward	2	37.799265757843386	0.0761602130836711
11039	ugr	1	30.739149801898748	0.26722046141632816
11039	ugr	2	35.686723772319965	0.2837997624666471
11039	doors	1	33.96022029686719	0.252564491172604
11039	socialdoors	1	26.798584019416012	0.2601199142278614
11039	trust	2	33.58104744437151	0.236076014171761
11039	trust	1	38.08107438823208	0.18338411664869225
11039	sharedreward	2	37.199986898340285	0.2591912826825472
11039	sharedreward	1	37.36812277359422	0.23625457515078746
11042	ugr	2	28.43342711776495	0.2889200195830852
11042	ugr	1	27.149578402168117	0.2915550172501113
11042	doors	1	30.656964947236702	0.28118968061386135
11042	socialdoors	1	28.179228809662163	0.27225832512309395
11042	trust	2	29.449220272013918	0.2543998416749677
11042	trust	1	28.38831461034715	0.21455885352184298
11042	sharedreward	2	29.280412447289564	0.28116180353659287
11042	sharedreward	1	26.97247468936257	0.305879762547863
11053	ugr	2	24.44643513066694	0.12452311008190624
11053	ugr	1	19.416511536110193	0.13038220365111872
11053	doors	1	27.38870042609051	0.11922250257990798
11053	socialdoors	1	28.354313347721472	0.1176848286220771
11053	trust	2	24.634091606014408	0.1372146933564
11053	trust	1	24.295863836305216	0.13867713932622314
11053	sharedreward	2	19.51226316485554	0.12451182542790337
11053	sharedreward	1	27.012479657074437	0.14370360753121006
11063	ugr	1	37.772753304452635	0.09615386584910153
11063	ugr	2	39.88272468268406	0.08996549890939974
11063	doors	1	39.554536908399314	0.0854906441264645
11063	socialdoors	1	40.39321226673201	0.08621930548394584
11063	trust	1	40.2751936489949	0.09096832710250434
11063	trust	2	39.41590835293755	0.10649297592725426
11063	sharedreward	1	37.911332132760435	0.08905007268890651
11063	sharedreward	2	38.91461815359071	0.10066855897856121
11064	ugr	1	24.553365629981272	0.18321971475775628
11064	ugr	2	13.836180648766458	0.5527574891957733
11064	doors	1	13.820517922751606	0.6941265364391145
11064	socialdoors	1	19.888099164236337	0.28029517482137867
11064	trust	1	15.361959025729448	0.6288765420728504
11064	trust	2	11.656257849826943	1.1317737763393083
11064	sharedreward	2	12.79299193539191	0.6106833846063564
11064	sharedreward	1	8.518843663448934	1.2378804173102598
11065	ugr	1	36.47222026158124	0.16152193567435377
11065	ugr	2	40.855917184380814	0.15507792998715655
11065	doors	1	41.15835495380452	0.14474060914246475
11065	socialdoors	1	38.51398329017684	0.15671748616816553
11065	trust	1	38.71020823530853	0.1806586194556622
11065	trust	2	36.592152405530214	0.1995377261556157
11065	sharedreward	2	36.36997961963061	0.17967918022813315
11065	sharedreward	1	34.53451372962445	0.16653497563351033
11066	ugr	2	32.439655147492886	0.16158911291899164
11066	ugr	1	30.392960663419217	0.13914395245448935
11066	doors	1	34.77417582646012	0.13476737167486205
11066	socialdoors	1	37.902578845387325	0.09610178017023183
11066	trust	1	36.10740898200311	0.1059799422382414
11066	trust	2	30.361606321763247	0.14919968118630117
11066	sharedreward	2	28.253962667426094	0.2120219686885866
11066	sharedreward	1	30.65373327769339	0.15730908834306284
11072	ugr	1	32.2286060876213	0.13655447141808116
11072	ugr	2	33.2167480844073	0.1391015830046017
11072	doors	1	35.440969907911494	0.13064921398945056
11072	socialdoors	1	30.132196669466794	0.12769531951058638
11072	trust	2	34.10605332697742	0.1338485280026613
11072	trust	1	28.465558905154467	0.13061158403997988
11072	sharedreward	1	23.666332636028528	0.15520789065655602
11072	sharedreward	2	24.41873817308806	0.1428995224809926
11074	ugr	1	28.253651497070678	0.18493481296039435
11074	ugr	2	33.56946093030274	0.16297419531390916
11074	doors	1	31.096771903103217	0.1588166188230318
11074	socialdoors	1	28.49922983336728	0.16764401473434887
11074	trust	1	26.643320138100535	0.1727836367369825
11074	trust	2	32.802858020877466	0.14382743601490214
11074	sharedreward	1	31.102215118706226	0.16795214631353805
11074	sharedreward	2	35.70772432023659	0.1472398748653489
11075	ugr	2	32.573551020235755	0.1390316442386503
11075	ugr	1	30.265667068306357	0.1428827322238013
11075	trust	1	32.151302545680664	0.19264588303114133
11075	trust	2	31.70585307816509	0.1949279542162186
11075	sharedreward	1	31.93900597281754	0.10358226340735033
11075	sharedreward	2	32.6063888669014	0.11978284310303138
11076	ugr	1	28.3960642083548	0.2568122470267751
11076	ugr	2	19.837634401628748	0.4089402655826634
11076	doors	1	33.16060942551121	0.2693719234889034
11076	socialdoors	1	38.694591890322044	0.20290196034022273
11076	trust	1	24.73687774199061	0.43074978483446513
11076	sharedreward	1	30.72721179877408	0.25286635492818266
11078	ugr	2	35.831862998893484	0.24827493603265827
11078	ugr	1	33.32178699388169	0.252347537162069
11078	doors	1	35.82967134431237	0.2710966105978442
11078	socialdoors	1	35.598130139987916	0.27345234026267856
11078	trust	1	34.09937380522024	0.24238252987580636
11078	trust	2	32.62259785097558	0.24543731262351148
11078	sharedreward	1	33.79654906690121	0.24909751058663196
11078	sharedreward	2	32.119978706818074	0.2574601904835908
11083	ugr	2	39.671658377861604	0.19088268510390394
11083	ugr	1	38.62873843673151	0.21087034955284206
11083	trust	1	25.853469300782308	0.21711305612107565
11083	trust	2	26.96846996038221	0.2681735107748831
11083	sharedreward	2	35.21206828649156	0.18749251029807398
11083	sharedreward	1	32.1734157698811	0.2253630213464277
11084	ugr	2	37.20475943386555	0.16393024274481546
11084	ugr	1	34.64584421389736	0.15691564120421814
11084	doors	1	40.20814009360038	0.16075129086767262
11084	socialdoors	1	31.974702398991212	0.20272230905964234
11084	trust	1	41.78261318570003	0.14076832372711018
11084	trust	2	39.324912164127454	0.12674295551465606
11084	sharedreward	1	41.72968660714105	0.11551649238018435
11084	sharedreward	2	38.67251317540649	0.12932127288996267
11085	trust	1	18.90114921424538	0.8021511058985573
11085	trust	2	21.622789707034826	0.6734702351114024
11085	sharedreward	2	24.996363368351012	0.37039488975735513
11085	sharedreward	1	25.64338933734689	0.36811323529453777
11090	ugr	2	20.234045090386644	0.4927635258601615
11090	ugr	1	22.136186516610906	0.4450693137695778
11090	doors	1	22.84884063852951	0.41334648027409654
11090	socialdoors	1	17.84450771450065	0.3866915993047329
11090	trust	2	26.991310726152733	0.34346648364372595
11090	trust	1	19.71339127770625	0.34345846220836784
11090	sharedreward	2	24.35025852546096	0.4582904010043621
11090	sharedreward	1	13.454665146418847	0.4243964550996166
11110	ugr	2	26.656164990272373	0.21122702968816953
11110	ugr	1	31.85607098112814	0.1803537703619064
11110	sharedreward	2	32.125491756014526	0.20666544620687152
11110	sharedreward	1	31.79217721777968	0.16066695140006118
11113	ugr	1	32.079059375915676	0.11725461036061675
11113	ugr	2	32.45998273976147	0.10273085287008253
11113	doors	1	29.77794465550687	0.11751268050427004
11113	socialdoors	1	34.23276720917784	0.0845384970601756
11113	trust	2	32.820779996574856	0.09953613960505658
11113	trust	1	33.07206620788202	0.082183309979304
11113	sharedreward	2	36.76998570008436	0.09487047726539923
11113	sharedreward	1	32.225259632687084	0.09865675925127824
11116	ugr	1	28.029971633222885	0.22923696599039223
11116	ugr	2	25.767947398126125	0.17294635015192822
11116	doors	1	30.86179216625169	0.21529905856584317
11116	socialdoors	1	22.353908800403588	0.2689286577896145
11116	trust	2	29.64566096290946	0.1846278532656097
11116	trust	1	22.69553519471083	0.18121825936650005
11116	sharedreward	2	22.30087591870688	0.2090273793661189
11116	sharedreward	1	33.18080143304542	0.14950971107854288
11120	ugr	1	23.029453155468218	0.2512288404242786
11120	ugr	2	34.57543112710118	0.1830620817632308
11120	doors	1	32.30928795761429	0.1265973975013539
11120	socialdoors	1	23.645254052826203	0.19958334817148646
11120	trust	1	35.88846608600579	0.1395865344829742
11120	trust	2	30.828969222144224	0.1419550005311081
11120	sharedreward	1	33.51632625167258	0.13913784180047975
11120	sharedreward	2	19.35394071706105	0.2555478199354886
11125	doors	1	22.563184639904648	1.027780223062361
11125	socialdoors	1	18.046130995207932	1.3818983982861395
11125	trust	2	14.824983219616115	0.619972708344468
11125	trust	1	18.922588274697773	0.555050118692799
11125	sharedreward	2	14.796132948074955	0.6931461964318221
11125	sharedreward	1	18.51185498572886	0.5797070734473796
11126	ugr	1	33.490405096672475	0.20633356303991246
11126	ugr	2	25.150530067039654	0.2749316057566061
11126	doors	1	37.16095529869199	0.18573881043280804
11126	socialdoors	1	27.586230083252303	0.2967750010116641
11126	trust	1	32.90742129343562	0.1973380426044221
11126	trust	2	25.201836915686727	0.2070212347798927
11126	sharedreward	1	22.225882582948543	0.23627851314618264
11128	ugr	2	31.71510267886333	0.30397634525793743
11128	ugr	1	28.670818134909496	0.2539007452759112
11128	trust	2	33.61651012703078	0.29212427566891014
11128	trust	1	30.35114247899037	0.23897617175303928
11128	sharedreward	2	31.85099714482203	0.26736140999560887
11128	sharedreward	1	27.623723770142533	0.30783984784247526
11145	ugr	1	26.796406387235038	0.22151576621327504
11145	ugr	2	24.84854959580116	0.24749450208229426
11145	sharedreward	2	29.19097769074142	0.20015914087934825
11145	sharedreward	1	26.004082141444087	0.26245202790709043
11164	ugr	1	35.16641961631831	0.19975686073956617
11164	ugr	2	33.21278025931679	0.20244226068131882
11164	doors	1	33.78046121634543	0.17875974740924339
11164	socialdoors	1	35.6325787701644	0.1615316462290005
11164	trust	1	17.253770396928303	0.2730748872269509
11164	sharedreward	1	31.466259923763573	0.21988667430830883
11167	ugr	1	23.180356291588396	0.1616776052822494
11167	ugr	2	19.38137412595097	0.21241148746688862
11167	doors	1	30.083661338780075	0.147220375250088
11167	socialdoors	1	26.460047487169504	0.15275813273453634
11167	trust	1	30.69725326867774	0.16524879329048262
11167	trust	2	28.768218981684186	0.16491246687399103
11167	sharedreward	2	21.406826111488044	0.23544380539422358
11167	sharedreward	1	29.242451433558017	0.16676173166093977
11168	ugr	1	16.206376928370446	0.5910252305688019
11168	ugr	2	17.430463666445576	0.5306283255987685
11168	doors	1	19.193891557864845	0.41547370108216264
11168	socialdoors	1	30.82370125222951	0.24870458561648537
11168	trust	1	29.839226824231446	0.19346758540683595
11168	trust	2	23.343012498226017	0.26787802870665295
11168	sharedreward	1	20.665643460815772	0.29527267098911647
11168	sharedreward	2	26.666355356108397	0.28006217383583615
11171	trust	1	27.70679277938325	0.10106394500514736
11171	trust	2	33.033977052546106	0.10195339083392654
11171	sharedreward	2	33.37145958398469	0.10146492443789171
11171	sharedreward	1	28.897261472884566	0.11046684177110529
11177	ugr	1	28.963899239897728	0.09511668153696638
11177	ugr	2	31.772195178782567	0.107269358438674
11177	doors	1	31.451941841980442	0.12441217642298069
11177	socialdoors	1	31.910273419925943	0.10849262125916
11177	trust	1	37.0403589833295	0.09739520464634499
11177	trust	2	35.60215695248917	0.11417183568973227
11177	sharedreward	2	29.433724981965497	0.10964206443061636
11177	sharedreward	1	32.6317736171186	0.11543854600834845
11192	ugr	1	25.753434194484726	0.3603948613805397
11192	ugr	2	26.791090085811447	0.3115579447086779
11192	doors	1	24.287202692124993	0.3197640198471418
11192	socialdoors	1	28.34892122168094	0.24827987052415296
11192	trust	2	25.897089339909144	0.2930727135607756
11192	trust	1	27.457131245639175	0.23494630352173412
11192	sharedreward	2	25.352582219755277	0.29495067257600627
11192	sharedreward	1	27.95624647976365	0.2530134683283681
11193	ugr	1	12.253195160767063	0.2522053502492642
11193	ugr	2	10.164240401121788	0.34382772265232353
11193	doors	1	15.583923325873911	0.17584547648213247
11193	socialdoors	1	19.919460403732955	0.22911377224850332
11193	trust	1	10.477355344512034	0.29598202714269006
11193	trust	2	14.314191672136076	0.24234596547303208
11193	sharedreward	2	10.879165349295363	0.3162966041729623
11193	sharedreward	1	22.214190474245697	0.24168929655106627
11201	ugr	1	23.171930951066315	0.5997101513119184
11201	ugr	2	23.30731775937602	0.758841483606364
11201	doors	1	25.722597433137707	0.6111543959542963
11201	socialdoors	1	26.59377024974674	0.6053756767704623
11201	trust	1	20.96584750711918	0.6839480937929572
11201	sharedreward	1	21.065123009029776	0.67583284259923
11203	trust	1	23.74153487046715	0.45265529105935715
11203	trust	2	29.49195779208094	0.31291875231075295
11203	sharedreward	1	25.270582371158525	0.35747011525404426
11203	sharedreward	2	25.368016349966638	0.34219367243978693
11207	ugr	1	31.584466920001432	0.27649757954338355
11207	ugr	2	34.49988089851104	0.26276051572834414
11207	doors	1	34.857041222043335	0.2574201172275009
11207	socialdoors	1	34.45458457991481	0.2799991113790773
11207	trust	1	36.90088432934135	0.22763148981161735
11207	trust	2	31.832145707448944	0.2519632556560609
11207	sharedreward	1	31.270555892260745	0.25232498579867507
11207	sharedreward	2	27.66963568329811	0.26899570489943897
11209	ugr	1	25.129071973264217	0.3307832021648981
11209	ugr	2	21.462304981425405	0.424225625859086
11209	doors	1	25.58726022799965	0.2785051390373258
11209	socialdoors	1	23.64099743310362	0.3551713726229556
11209	trust	1	22.507095400535036	0.2905502642636847
11209	trust	2	23.119920896715485	0.2861666932987569
11209	sharedreward	1	20.866967560024932	0.3583817488789928
11209	sharedreward	2	25.152980822022073	0.3362556496059854
11241	ugr	2	37.46241545304656	0.09770616189951398
11241	ugr	1	37.403778061270714	0.10034487042115281
11241	doors	1	40.423780874116346	0.10384945363205281
11241	socialdoors	1	36.04536033177283	0.1256432436190324
11241	sharedreward	2	39.02504533901811	0.10702785284240242
11241	sharedreward	1	33.20839574758429	0.12421398125595831
11246	ugr	1	22.358306393725798	0.13167905953652864
11246	ugr	2	25.58538987999782	0.1672389327773978
11246	doors	1	31.149242037557997	0.11513538584888164
11246	socialdoors	1	31.02162487769965	0.09743482029876767
11246	trust	1	29.421832778840326	0.17515214404507082
11246	trust	2	29.911170391365886	0.18497903193650236
11246	sharedreward	1	27.728637032210827	0.13702000310848758
11246	sharedreward	2	27.903676758287475	0.13926459115997963
11276	ugr	2	10.701752271968871	0.814568564268585
11276	ugr	1	13.332464029546827	0.6043272001826338
11276	doors	1	9.062604323902633	0.5997053872530395
11276	socialdoors	1	16.238788139889948	0.5930860993631878
11276	trust	2	8.775079820305109	1.0970508515868111
11276	trust	1	10.085301574144978	1.0254109434251977
11276	sharedreward	2	11.834980456682388	0.8706948481732245
11276	sharedreward	1	9.281405713409185	0.7277526049471155
11286	ugr	1	39.776368303224444	0.0973761009004078
11286	ugr	2	31.324770638137124	0.09949140940894566
11286	doors	1	38.2891547922045	0.07842548980336225
11286	socialdoors	1	40.687583830207586	0.07573703845161887
11286	trust	1	19.132769562245812	0.12298761732708594
11286	sharedreward	1	36.44339969067369	0.09283642757491603
11301	ugr	1	39.74199232936371	0.08040590093871686
11301	doors	1	38.96271059662104	0.10473229427286619
11301	socialdoors	1	36.32070279493928	0.10477263453171373
11301	trust	2	33.125939052551985	0.11117477520887849
11301	trust	1	34.47537607513368	0.0890204099530303
11301	sharedreward	2	39.906337341468316	0.10789036144433614
11301	sharedreward	1	30.08926892420277	0.144535518092146
11311	ugr	2	38.19439241429791	0.08636708215553443
11311	ugr	1	34.57374262576923	0.09955676105014616
11311	doors	1	37.886613592738286	0.10732881914031464
11311	socialdoors	1	33.73712778976187	0.11211328641438512
11311	trust	1	37.469536826829426	0.1159772919029568
11311	trust	2	37.22630593460053	0.11559080932340186
11311	sharedreward	1	35.0443732830463	0.11621928934549285
11311	sharedreward	2	36.471957601141185	0.11585758387182199
11312	ugr	2	26.970661862986162	0.11644752137918046
11312	ugr	1	35.93213008437306	0.10001857970158584
11312	doors	1	34.78062307694927	0.10179927184866455
11312	socialdoors	1	29.53954959497787	0.1112069164775972
11312	trust	2	28.92916286957916	0.12160583984008771
11312	trust	1	34.36536195804365	0.11826062492072235
11312	sharedreward	1	35.57295878289733	0.1023784122666547
11312	sharedreward	2	30.285157394828275	0.11849687694083617
11316	ugr	2	22.685889977030456	0.33584368610984444
11316	ugr	1	24.926460412563756	0.2599277726552269
11316	doors	1	22.70070345327258	0.2558170063867596
11316	socialdoors	1	23.78640148357954	0.3573622822548208
11316	trust	2	29.589978482108563	0.20504090599245176
11316	trust	1	29.04445982724428	0.1560807399855918
11316	sharedreward	2	25.828260574489832	0.33130984671572805
11316	sharedreward	1	26.918135599407833	0.2573220545162651
11317	ugr	1	29.44270064588636	0.17766688172191683
11317	ugr	2	23.120568513404578	0.19775912832218046
11318	ugr	2	39.00018411758356	0.12968480439113264
11318	ugr	1	40.77741923247231	0.1003217493139899
11318	doors	1	38.79653933632653	0.12635576191708733
11318	socialdoors	1	39.921586704673246	0.11484947428117259
11318	trust	2	38.27821175334975	0.1095543828280954
11318	trust	1	39.15795726887882	0.11020620307242578
11318	sharedreward	2	37.09185842005536	0.1126737423696355
11318	sharedreward	1	40.95697043288965	0.09400326366251914
11321	ugr	1	38.794621739769354	0.06563498287120272
11321	ugr	2	39.21086180198472	0.06604715600182154
11321	doors	1	39.266356160864234	0.06282316889931457
11321	socialdoors	1	39.28055674256757	0.06018460824107427
11321	trust	2	39.15460362192243	0.05252607248985669
11321	trust	1	39.970536990556866	0.05671797421024185
11321	sharedreward	2	39.17601402755827	0.06050427272921845
11321	sharedreward	1	41.284218509099446	0.0662503328432375
11325	ugr	2	30.399719007778913	0.12204547639498627
11325	ugr	1	40.850998072419316	0.12467535760699638
11325	doors	1	29.88758858735673	0.10369211294628418
11325	socialdoors	1	30.716234191088006	0.12982067436213912
11325	trust	2	36.85349726700224	0.12142554721728269
11325	trust	1	31.64127622381784	0.11034109170766691
11325	sharedreward	1	32.99742726352997	0.1078652074549529
11325	sharedreward	2	28.960573793854564	0.12142595316280692
11326	ugr	1	28.451157350093126	0.1331443986264869
11326	ugr	2	30.547225128451828	0.1311257207070926
11326	doors	1	35.08942532760557	0.13776232464404745
11326	socialdoors	1	28.27189991401974	0.1593845541515271
11326	trust	1	27.435595204588026	0.18003685430395064
11326	trust	2	32.46742142946459	0.1638173411478954
11326	sharedreward	2	20.119923039572313	0.1966783757441374
11326	sharedreward	1	29.14423553843517	0.15190773017375586
11329	ugr	2	33.163328983588144	0.11476515926694573
11329	ugr	1	33.881009133998305	0.11637597239126447
11329	doors	1	34.74816073605325	0.11547028615570817
11329	socialdoors	1	36.604857926722616	0.0907317463615306
11329	trust	2	34.97855606395751	0.10431407815701567
11329	trust	1	36.37885445426218	0.10001404521627717
11329	sharedreward	1	35.35963364224881	0.09981314385086071
11329	sharedreward	2	31.14463296253234	0.1172238923859929
11330	ugr	1	43.05542968958616	0.1108995951845665
11330	ugr	2	39.593385125277564	0.0986440305854984
11330	doors	1	40.355047680437565	0.09328485065610527
11330	socialdoors	1	41.00277097988874	0.08708944831022584
11330	trust	1	44.920046178624034	0.06919313448030166
11330	trust	2	39.94246669113636	0.08305866651266577
11330	sharedreward	1	38.56607247679494	0.08498363120021618
11330	sharedreward	2	43.55350048863329	0.08098566140767867
11337	ugr	1	38.259695942746475	0.06627616865255066
11337	ugr	2	34.79756400268525	0.10124958434669992
11337	doors	1	21.852002348052338	0.3199197007287946
11337	socialdoors	1	31.080722987186164	0.10718469094170267
11337	trust	1	26.99303733324632	0.2140695732912567
11337	trust	2	21.505817778292112	0.3016616651584474
11337	sharedreward	1	23.63823578460142	0.16474111326952082
11337	sharedreward	2	18.808327266015112	0.1321719952271435
11340	ugr	2	32.46236752998084	0.21645685809294496
11340	ugr	1	30.94484370650025	0.24001571802886917
11340	doors	1	29.796872627921402	0.26176471934847584
11340	socialdoors	1	37.03599609073717	0.17922648726484805
11340	trust	1	36.02169227250852	0.19764296886442456
11340	trust	2	37.96582961292006	0.1682077600224837
11340	sharedreward	2	33.411312027834356	0.1698226116953324
11340	sharedreward	1	33.48002104810439	0.19247939680077236
11343	ugr	1	32.43252474674955	0.12637415810297384
11343	ugr	2	29.06313720450271	0.1211840388196636
11343	doors	1	31.81266309809871	0.1484817466229468
11343	socialdoors	1	30.47200601239456	0.13059496735516118
11343	sharedreward	2	29.7711461186409	0.12694544777101688
11343	sharedreward	1	31.902373548829928	0.11027716397595756
11345	ugr	1	44.25508927926421	0.0682862330928367
11345	ugr	2	41.88071401976049	0.0731007834579006
11345	doors	1	45.00049221632071	0.0686550924902276
11345	socialdoors	1	41.43672207696363	0.06058907981126659
11345	trust	1	44.00988009752473	0.07059229621549426
11345	trust	2	44.61993507761508	0.06900680378415129
11345	sharedreward	2	48.04555702395737	0.059028532472040776
11345	sharedreward	1	47.34431874752045	0.05554074584958136
11348	ugr	1	31.31841147330124	0.1076027391464106
11348	ugr	2	27.885183692793362	0.10717933578441384
11348	doors	1	29.769725447753444	0.11645525819815328
11348	socialdoors	1	29.837552089011297	0.1353987569018
11348	trust	2	28.29409159021452	0.13251017170471432
11348	trust	1	29.245482513215393	0.11733621686974291
11348	sharedreward	2	28.715772804804146	0.146499296046742
11348	sharedreward	1	27.895592978107743	0.14357011594260607
11358	ugr	1	38.54381472588284	0.12688230691315247
11358	ugr	2	40.5693602723768	0.13262467105219317
11358	doors	1	38.74466787301935	0.14055181150854218
11358	trust	1	36.94911509589292	0.15383074886518666
11358	trust	2	36.33217214548495	0.16255352452752986
11358	sharedreward	1	39.72151444887277	0.13596043293937227
11358	sharedreward	2	41.381181651493534	0.1464753142917792
11364	ugr	2	31.474612519028597	0.1287273994738112
11364	ugr	1	25.629702611709945	0.1822141653878286
11364	trust	1	24.602434672706295	0.16723944666753437
11364	trust	2	30.17793063656427	0.14697345977982088
11364	sharedreward	2	26.785199247300625	0.16230452423211156
11364	sharedreward	1	24.33626567083411	0.15142923960309249
11367	ugr	1	31.834286756347865	0.08670783880230848
11367	ugr	2	27.870003059855662	0.11687695565900273
11367	doors	1	27.639361337875016	0.11958211471119631
11367	socialdoors	1	34.21710345137399	0.07346311241088509
11367	trust	2	31.41291899466887	0.07261283563074682
11367	trust	1	30.49776518176077	0.0717970781087405
11367	sharedreward	2	30.095407326472923	0.07951862318768635
11367	sharedreward	1	34.564176230865996	0.06442467375385759
11374	ugr	1	15.766794357448816	0.8294830473910064
11374	doors	1	17.387390088988468	0.5472988073855364
11374	socialdoors	1	19.03340573934838	0.3701292523928051
11374	trust	2	16.935287290019915	0.6510093351732226
11374	trust	1	15.476487391977571	0.8827643637650633
11374	sharedreward	2	17.185993782710284	0.5962586278835826
11374	sharedreward	1	14.867374516557902	0.6477651609114682
11376	ugr	2	25.941902817226946	0.27832855922384403
11376	ugr	1	25.381072036921978	0.24442319492922954
11376	doors	1	27.892652394948527	0.24347264253376705
11376	socialdoors	1	34.04163575032726	0.14539647574103007
11376	trust	1	11.697622633073479	0.19784806070622182
11376	trust	2	28.981946260202676	0.17054795277297524
11376	sharedreward	1	37.676048532128334	0.1508794288924615
11376	sharedreward	2	37.28616010816768	0.14718663453331138
11387	ugr	2	35.621525619528256	0.21702633783027034
11387	ugr	1	33.67793776630424	0.21308616888210985
11387	doors	1	32.06228986440692	0.21891803237352714
11387	socialdoors	1	34.99334122752771	0.23659246686406085
11387	trust	1	32.25895084440708	0.22691450014451725
11387	trust	2	35.87986413622275	0.24618488117130363
11387	sharedreward	2	36.97278729756363	0.2119289280612682
11387	sharedreward	1	36.53657377511263	0.23043808640046298
11396	trust	2	23.328398016514257	0.3993163882851472
11396	trust	1	15.247384395101108	0.6405583078803355
11410	ugr	2	17.80561613867758	0.48677568747474925
11410	ugr	1	16.32706803898327	0.4356217592911839
11410	doors	1	20.161660563549958	0.4063594968521662
11410	socialdoors	1	25.314456774154678	0.27671730734517885
11410	trust	2	19.910173502285033	0.2451997941038349
11410	trust	1	30.994990811683238	0.16951846423817749
11410	sharedreward	2	16.90203711792128	0.41163477962447914
11410	sharedreward	1	17.799139104317874	0.3043668021936982
11426	ugr	1	27.607380298431963	0.2833583543458267
11426	doors	1	27.42149209487252	0.31642806223828507
11426	socialdoors	1	28.14284335821867	0.23974571832266922
11426	trust	1	26.012716877739877	0.3111339651501494
11426	sharedreward	1	28.61903523746878	0.28981352926185294
11430	ugr	1	21.090191315452103	0.1437871734174911
11430	doors	1	20.70761282008607	0.17004104713117824
11430	socialdoors	1	18.800290945451707	0.1937766845590865
11430	trust	1	22.277681534411386	0.1386288761817695
11430	trust	2	21.247142775449902	0.1436138273864261
11430	sharedreward	1	21.63791035185568	0.14555788467591768
11432	ugr	1	16.74567498685792	0.23517029765602718
11432	ugr	2	19.324194876942784	0.23724615858664705
11432	doors	1	25.686961811967194	0.14777158696846535
11432	socialdoors	1	22.285700175561942	0.13233270924577603
11432	trust	1	33.137918282300234	0.10180549041709874
11432	sharedreward	1	30.254472374916077	0.09420988083488692
11432	sharedreward	2	26.327783062006347	0.11051737467819388
11435	ugr	2	35.50489691493567	0.09862933667753473
11435	ugr	1	35.17191931209527	0.11805836136313445
11435	doors	1	31.911516359541565	0.12274622851782258
11435	socialdoors	1	34.2256855876185	0.10064046151342289
11435	trust	2	33.38050749443937	0.10357192469402214
11435	trust	1	33.46904380386695	0.10131296214997729
11435	sharedreward	1	34.850284887477756	0.10076898892609835
11435	sharedreward	2	33.793966253637336	0.1032869629014257
11439	ugr	1	19.747431002091616	0.26662418369711627
11439	doors	1	25.809681274928153	0.19713052118122115
11439	socialdoors	1	24.45323513180483	0.19647784084839046
11439	trust	2	25.11734722252004	0.32532350730526055
11439	trust	1	24.293944320408627	0.2897858573572676
11439	sharedreward	1	22.191241884604096	0.2624759751798889
11440	ugr	1	25.864566606469452	0.18796260201066645
11440	ugr	2	31.4931040587835	0.1636389548643106
11440	doors	1	32.488055089488626	0.12697140384135494
11440	socialdoors	1	28.81706945307087	0.14117117436757334
11440	trust	1	30.09181012987392	0.13764308101889985
11440	trust	2	30.76964948361274	0.1512592314158637
11440	sharedreward	2	33.8090382697992	0.13000163984109
11440	sharedreward	1	23.556510635535233	0.17268681785959586
11443	ugr	1	18.153562853112817	0.47028135517523
11443	trust	2	31.6512564982404	0.27195406524464283
11443	trust	1	25.753085173899308	0.3893715693343484
11443	sharedreward	1	25.1576670955983	0.45080828660062416
11450	ugr	2	31.27131383586675	0.128677294879458
11450	ugr	1	18.929132977500558	0.1997821690302163
11450	doors	1	34.386917498894036	0.1163214285243997
11450	socialdoors	1	21.46582786703948	0.11680474063695884
11450	trust	1	25.0954128743615	0.13389366152815504
11450	sharedreward	1	24.999848934588954	0.1266637299345515
11450	sharedreward	2	25.804277406132314	0.11291289411638046
11451	ugr	2	37.15741646056995	0.26169460766560254
11451	ugr	1	39.938915798440576	0.2182933608566614
11451	doors	1	39.99944619520102	0.25840792125138257
11451	socialdoors	1	40.83597117243335	0.2585769841102583
11451	trust	2	38.61092412646394	0.2515514562322347
11451	trust	1	39.04526102542877	0.2253822202523897
11451	sharedreward	1	38.429570150212385	0.2477175413275402
11451	sharedreward	2	40.21106826607138	0.2732429880539338
