sub	MB	ME	Region	TSNR
10017	6	4	VS	31.70218849182129
10017	6	4	RVS	28.980915069580078
10017	6	4	LVS	26.821964263916016
10017	6	4	vmPFC	40.17830276489258
10017	6	4	FFA	50.12730026245117
10017	6	4	sCerb	43.22832489013672
10017	6	4	iCerb	44.89486312866211
10017	6	4	Motor	52.89959716796875
10017	1	4	VS	56.22648239135742
10017	1	4	RVS	50.289207458496094
10017	1	4	LVS	50.68733596801758
10017	1	4	vmPFC	62.22635269165039
10017	1	4	FFA	70.14869689941406
10017	1	4	sCerb	63.380584716796875
10017	1	4	iCerb	60.97703170776367
10017	1	4	Motor	73.75390625
10017	3	1	VS	29.2780239149712
10017	3	1	RVS	32.7327470480338
10017	3	1	LVS	30.866086654760853
10017	3	1	vmPFC	40.8348417200323
10017	3	1	FFA	45.25517392723907
10017	3	1	sCerb	44.27860644587408
10017	3	1	iCerb	43.002870296461424
10017	3	1	Motor	49.590966167273145
10017	3	4	VS	45.055320739746094
10017	3	4	RVS	40.800018310546875
10017	3	4	LVS	39.56806564331055
10017	3	4	vmPFC	46.82940673828125
10017	3	4	FFA	53.38291931152344
10017	3	4	sCerb	53.31459426879883
10017	3	4	iCerb	52.102569580078125
10017	3	4	Motor	57.60833740234375
10017	1	1	VS	27.372549588991806
10017	1	1	RVS	32.84790448667328
10017	1	1	LVS	29.42942736659161
10017	1	1	vmPFC	38.25271615457523
10017	1	1	FFA	47.01179417154109
10017	1	1	sCerb	45.35839496698284
10017	1	1	iCerb	44.7533104276763
10017	1	1	Motor	50.509440265528646
10017	6	1	VS	24.331730642678394
10017	6	1	RVS	28.04296055081552
10017	6	1	LVS	26.001876527223757
10017	6	1	vmPFC	35.02113536191808
10017	6	1	FFA	43.56911998037476
10017	6	1	sCerb	41.54847250998101
10017	6	1	iCerb	41.39696815828817
10017	6	1	Motor	44.6465647189668
10024	3	1	VS	30.2810227169153
10024	3	1	RVS	34.96871184202818
10024	3	1	LVS	34.00388602406792
10024	3	1	vmPFC	41.109794355581094
10024	3	1	FFA	53.64515025366617
10024	3	1	sCerb	44.744255350318184
10024	3	1	iCerb	45.636088198062026
10024	3	1	Motor	56.19425511591875
10024	6	4	VS	32.01872253417969
10024	6	4	RVS	32.97614669799805
10024	6	4	LVS	30.840465545654297
10024	6	4	vmPFC	56.74300765991211
10024	6	4	FFA	60.075767517089844
10024	6	4	sCerb	41.89830017089844
10024	6	4	iCerb	48.212589263916016
10024	6	4	Motor	59.95578384399414
10024	1	4	VS	55.690128326416016
10024	1	4	RVS	48.83340835571289
10024	1	4	LVS	47.095611572265625
10024	1	4	vmPFC	62.21405029296875
10024	1	4	FFA	66.55793762207031
10024	1	4	sCerb	57.13835144042969
10024	1	4	iCerb	58.530941009521484
10024	1	4	Motor	56.93252944946289
10024	6	1	VS	28.356182539286294
10024	6	1	RVS	33.02991987026103
10024	6	1	LVS	32.09525718188603
10024	6	1	vmPFC	38.32198622593628
10024	6	1	FFA	54.165903130218
10024	6	1	sCerb	44.64010447902233
10024	6	1	iCerb	45.205091717560045
10024	6	1	Motor	62.2367196355203
10024	1	1	VS	23.275004599469636
10024	1	1	RVS	31.677596758156316
10024	1	1	LVS	29.569798626732187
10024	1	1	vmPFC	32.52964201182275
10024	1	1	FFA	47.65199970991598
10024	1	1	sCerb	43.6081631825023
10024	1	1	iCerb	44.99613643875799
10024	1	1	Motor	46.742675225797214
10024	3	4	VS	46.12615203857422
10024	3	4	RVS	45.125831604003906
10024	3	4	LVS	42.04753494262695
10024	3	4	vmPFC	55.31364059448242
10024	3	4	FFA	65.35742950439453
10024	3	4	sCerb	56.682308197021484
10024	3	4	iCerb	56.995521545410156
10024	3	4	Motor	65.69208526611328
10035	1	1	VS	24.53964440049992
10035	1	1	RVS	41.65760386666469
10035	1	1	LVS	33.83684087099654
10035	1	1	vmPFC	36.27164844588902
10035	1	1	FFA	49.47013270113816
10035	1	1	sCerb	52.78621894349316
10035	1	1	iCerb	56.077902080204275
10035	1	1	Motor	54.732529553806295
10035	6	1	VS	21.27849442539033
10035	6	1	RVS	33.43528932015021
10035	6	1	LVS	26.87214859580366
10035	6	1	vmPFC	29.69895077054682
10035	6	1	FFA	39.49268412002971
10035	6	1	sCerb	43.00836748305152
10035	6	1	iCerb	46.14067863180387
10035	6	1	Motor	45.13344684707084
10035	1	4	VS	56.573612213134766
10035	1	4	RVS	54.97283935546875
10035	1	4	LVS	52.187477111816406
10035	1	4	vmPFC	56.653560638427734
10035	1	4	FFA	65.2981948852539
10035	1	4	sCerb	65.8267822265625
10035	1	4	iCerb	72.35364532470703
10035	1	4	Motor	63.77889633178711
10035	6	4	VS	33.56596755981445
10035	6	4	RVS	33.64773941040039
10035	6	4	LVS	32.73915481567383
10035	6	4	vmPFC	49.73377990722656
10035	6	4	FFA	43.38524627685547
10035	6	4	sCerb	47.525367736816406
10035	6	4	iCerb	59.21816635131836
10035	6	4	Motor	51.77495574951172
10035	3	1	VS	24.15958089372916
10035	3	1	RVS	38.67561074740743
10035	3	1	LVS	31.145820792675792
10035	3	1	vmPFC	36.54140230950858
10035	3	1	FFA	46.889807513901765
10035	3	1	sCerb	50.049295970822605
10035	3	1	iCerb	53.23211629430674
10035	3	1	Motor	49.721263388727415
10035	3	4	VS	43.94392395019531
10035	3	4	RVS	48.33325958251953
10035	3	4	LVS	43.731666564941406
10035	3	4	vmPFC	54.3111572265625
10035	3	4	FFA	62.911460876464844
10035	3	4	sCerb	59.1977653503418
10035	3	4	iCerb	68.57295227050781
10035	3	4	Motor	59.421722412109375
10043	1	4	VS	49.34537124633789
10043	1	4	RVS	47.863731384277344
10043	1	4	LVS	43.73149871826172
10043	1	4	vmPFC	61.701560974121094
10043	1	4	FFA	63.41450500488281
10043	1	4	sCerb	61.53288650512695
10043	1	4	iCerb	59.94406509399414
10043	1	4	Motor	71.42106628417969
10043	3	1	VS	34.73557046709128
10043	3	1	RVS	35.935673954444155
10043	3	1	LVS	31.40159527067543
10043	3	1	vmPFC	41.00926269161365
10043	3	1	FFA	40.14851169231297
10043	3	1	sCerb	48.9129022277836
10043	3	1	iCerb	48.577144405917664
10043	3	1	Motor	51.854271101688866
10043	1	1	VS	39.88534427370027
10043	1	1	RVS	39.134694031798595
10043	1	1	LVS	35.95428319663306
10043	1	1	vmPFC	47.64726643732256
10043	1	1	FFA	46.582125684256106
10043	1	1	sCerb	52.443366016842326
10043	1	1	iCerb	51.19724837603694
10043	1	1	Motor	59.47568283161257
10043	6	4	VS	31.828638076782227
10043	6	4	RVS	30.115541458129883
10043	6	4	LVS	28.696577072143555
10043	6	4	vmPFC	42.76287841796875
10043	6	4	FFA	39.269161224365234
10043	6	4	sCerb	43.443485260009766
10043	6	4	iCerb	45.3597412109375
10043	6	4	Motor	51.082550048828125
10043	6	1	VS	33.660949151754586
10043	6	1	RVS	32.644854691659575
10043	6	1	LVS	31.17995018394006
10043	6	1	vmPFC	43.60070662786774
10043	6	1	FFA	41.95804194794314
10043	6	1	sCerb	45.590224019144834
10043	6	1	iCerb	45.83412337464215
10043	6	1	Motor	56.43483261594349
10043	3	4	VS	41.73155975341797
10043	3	4	RVS	39.639034271240234
10043	3	4	LVS	35.782371520996094
10043	3	4	vmPFC	43.25041961669922
10043	3	4	FFA	46.52536392211914
10043	3	4	sCerb	56.44729232788086
10043	3	4	iCerb	53.672340393066406
10043	3	4	Motor	51.53711700439453
10054	1	1	VS	42.13396072387695
10054	1	1	RVS	40.34122848510742
10054	1	1	LVS	37.29899215698242
10054	1	1	vmPFC	46.73020935058594
10054	1	1	FFA	54.87439727783203
10054	1	1	sCerb	51.04685974121094
10054	1	1	iCerb	44.357810974121094
10054	1	1	Motor	54.675655364990234
10054	3	1	VS	37.78249090849692
10054	3	1	RVS	36.75635056776267
10054	3	1	LVS	32.334555652472
10054	3	1	vmPFC	40.649980743674305
10054	3	1	FFA	52.357955475285024
10054	3	1	sCerb	49.50119982090859
10054	3	1	iCerb	44.5985835858148
10054	3	1	Motor	51.300541233131945
10054	6	4	VS	30.142988204956055
10054	6	4	RVS	28.05045509338379
10054	6	4	LVS	26.276718139648438
10054	6	4	vmPFC	41.560394287109375
10054	6	4	FFA	46.847755432128906
10054	6	4	sCerb	45.39280319213867
10054	6	4	iCerb	42.2271614074707
10054	6	4	Motor	48.68498229980469
10054	1	4	VS	48.31401062011719
10054	1	4	RVS	44.73104476928711
10054	1	4	LVS	40.02479934692383
10054	1	4	vmPFC	51.344505310058594
10054	1	4	FFA	48.46583557128906
10054	1	4	sCerb	50.61909484863281
10054	1	4	iCerb	51.72218704223633
10054	1	4	Motor	53.16592025756836
10054	3	4	VS	43.37818145751953
10054	3	4	RVS	38.49303436279297
10054	3	4	LVS	37.86287307739258
10054	3	4	vmPFC	43.41850280761719
10054	3	4	FFA	56.652042388916016
10054	3	4	sCerb	54.82222366333008
10054	3	4	iCerb	50.926692962646484
10054	3	4	Motor	53.5421257019043
10054	6	1	VS	30.793199146005755
10054	6	1	RVS	31.499495527249508
10054	6	1	LVS	27.396536110712542
10054	6	1	vmPFC	31.49518406085646
10054	6	1	FFA	41.665370805784484
10054	6	1	sCerb	41.80432380320207
10054	6	1	iCerb	36.79360892909481
10054	6	1	Motor	38.88709194743571
10059	3	4	VS	47.01728820800781
10059	3	4	RVS	44.769195556640625
10059	3	4	LVS	42.670650482177734
10059	3	4	vmPFC	56.75333023071289
10059	3	4	FFA	41.92166519165039
10059	3	4	sCerb	47.04590606689453
10059	3	4	iCerb	47.71659851074219
10059	3	4	Motor	48.028175354003906
10059	1	1	VS	39.91630963874752
10059	1	1	RVS	41.35899551998678
10059	1	1	LVS	37.88793064304167
10059	1	1	vmPFC	45.062373799862364
10059	1	1	FFA	52.37232757419241
10059	1	1	sCerb	47.175728465715544
10059	1	1	iCerb	44.34615691939453
10059	1	1	Motor	63.80236118301959
10059	6	4	VS	31.733789443969727
10059	6	4	RVS	33.71559143066406
10059	6	4	LVS	27.372488021850586
10059	6	4	vmPFC	54.677940368652344
10059	6	4	FFA	62.876686096191406
10059	6	4	sCerb	44.400516510009766
10059	6	4	iCerb	45.739990234375
10059	6	4	Motor	62.47214889526367
10059	1	4	VS	56.987857818603516
10059	1	4	RVS	53.291263580322266
10059	1	4	LVS	50.833961486816406
10059	1	4	vmPFC	60.106300354003906
10059	1	4	FFA	62.676841735839844
10059	1	4	sCerb	58.805728912353516
10059	1	4	iCerb	60.59049606323242
10059	1	4	Motor	64.12566375732422
10059	3	1	VS	38.10904249307861
10059	3	1	RVS	37.9533112609372
10059	3	1	LVS	35.89237356359972
10059	3	1	vmPFC	31.830595370684385
10059	3	1	FFA	31.92266611087339
10059	3	1	sCerb	39.15269740619217
10059	3	1	iCerb	37.363166586387166
10059	3	1	Motor	43.02321068772869
10059	6	1	VS	36.77762752916681
10059	6	1	RVS	35.70027504517216
10059	6	1	LVS	33.6656952348104
10059	6	1	vmPFC	35.671470055202654
10059	6	1	FFA	53.87621819800177
10059	6	1	sCerb	43.38361094502641
10059	6	1	iCerb	40.29201337476243
10059	6	1	Motor	59.8578975676023
10069	3	1	VS	25.675286551990737
10069	3	1	RVS	25.56129980153488
10069	3	1	LVS	25.667875841401266
10069	3	1	vmPFC	34.8590687957005
10069	3	1	FFA	34.47186909952061
10069	3	1	sCerb	38.57722117421642
10069	3	1	iCerb	43.008723546609644
10069	3	1	Motor	47.284613261261164
10069	1	1	VS	32.69137138779284
10069	1	1	RVS	31.950756622243343
10069	1	1	LVS	32.11118816248646
10069	1	1	vmPFC	41.850688956702975
10069	1	1	FFA	39.796240215598104
10069	1	1	sCerb	45.04571953937876
10069	1	1	iCerb	47.06192410758963
10069	1	1	Motor	54.22549745514507
10069	6	1	VS	25.79398899561927
10069	6	1	RVS	24.724480645133116
10069	6	1	LVS	24.285838600835074
10069	6	1	vmPFC	29.899878770177196
10069	6	1	FFA	32.37381955671686
10069	6	1	sCerb	36.28568791175343
10069	6	1	iCerb	42.26839451924602
10069	6	1	Motor	46.73058802775316
10069	1	4	VS	40.81835174560547
10069	1	4	RVS	34.1810188293457
10069	1	4	LVS	33.70915603637695
10069	1	4	vmPFC	35.49372863769531
10069	1	4	FFA	38.39115905761719
10069	1	4	sCerb	44.45339584350586
10069	1	4	iCerb	50.111961364746094
10069	1	4	Motor	45.642581939697266
10069	6	4	VS	28.419273376464844
10069	6	4	RVS	24.099756240844727
10069	6	4	LVS	23.028963088989258
10069	6	4	vmPFC	29.932188034057617
10069	6	4	FFA	28.121198654174805
10069	6	4	sCerb	34.11566162109375
10069	6	4	iCerb	41.95988845825195
10069	6	4	Motor	36.53439712524414
10069	3	4	VS	31.69505500793457
10069	3	4	RVS	29.432764053344727
10069	3	4	LVS	29.891931533813477
10069	3	4	vmPFC	30.099374771118164
10069	3	4	FFA	28.20305061340332
10069	3	4	sCerb	37.82196044921875
10069	3	4	iCerb	45.685943603515625
10069	3	4	Motor	35.20117950439453
10074	3	4	VS	33.985862731933594
10074	3	4	RVS	30.72934913635254
10074	3	4	LVS	28.59171485900879
10074	3	4	vmPFC	43.02504348754883
10074	3	4	FFA	53.66754150390625
10074	3	4	sCerb	49.03359603881836
10074	3	4	iCerb	49.15517044067383
10074	3	4	Motor	46.130889892578125
10074	1	1	VS	32.055133333184095
10074	1	1	RVS	30.639008316702917
10074	1	1	LVS	26.777696084760915
10074	1	1	vmPFC	29.193393186529498
10074	1	1	FFA	41.76553320665467
10074	1	1	sCerb	41.67738727581775
10074	1	1	iCerb	42.774477998106725
10074	1	1	Motor	41.677650715221866
10074	6	1	VS	28.881585778688837
10074	6	1	RVS	26.593170887391988
10074	6	1	LVS	25.40070849354493
10074	6	1	vmPFC	30.601916044995182
10074	6	1	FFA	41.92337374709982
10074	6	1	sCerb	38.03368277099979
10074	6	1	iCerb	42.091315678605525
10074	6	1	Motor	46.88694693493489
10074	6	4	VS	27.037195205688477
10074	6	4	RVS	25.532424926757812
10074	6	4	LVS	23.67197036743164
10074	6	4	vmPFC	39.37902069091797
10074	6	4	FFA	43.92210388183594
10074	6	4	sCerb	37.783084869384766
10074	6	4	iCerb	42.853729248046875
10074	6	4	Motor	46.20524597167969
10074	1	4	VS	43.740928649902344
10074	1	4	RVS	40.00590515136719
10074	1	4	LVS	38.98580551147461
10074	1	4	vmPFC	49.70674514770508
10074	1	4	FFA	62.018470764160156
10074	1	4	sCerb	53.60021209716797
10074	1	4	iCerb	52.42713165283203
10074	1	4	Motor	56.669403076171875
10074	3	1	VS	31.487852437487593
10074	3	1	RVS	28.142777119084446
10074	3	1	LVS	27.0014183332049
10074	3	1	vmPFC	22.819199169415707
10074	3	1	FFA	40.0211640203289
10074	3	1	sCerb	39.85041719279237
10074	3	1	iCerb	40.164754936893495
10074	3	1	Motor	42.9984339000215
10078	3	1	VS	16.148069055090794
10078	3	1	RVS	27.08770050872531
10078	3	1	LVS	21.995139540192366
10078	3	1	vmPFC	43.69739529722791
10078	3	1	FFA	39.792148192034816
10078	3	1	sCerb	46.07168354991826
10078	3	1	iCerb	44.90964821351972
10078	3	1	Motor	49.36203382771246
10078	6	4	VS	21.116485595703125
10078	6	4	RVS	25.765670776367188
10078	6	4	LVS	24.36296272277832
10078	6	4	vmPFC	46.0912971496582
10078	6	4	FFA	42.28441619873047
10078	6	4	sCerb	43.499229431152344
10078	6	4	iCerb	47.66023254394531
10078	6	4	Motor	48.96170425415039
10078	1	4	VS	50.17131805419922
10078	1	4	RVS	44.45220184326172
10078	1	4	LVS	45.14556121826172
10078	1	4	vmPFC	49.5579948425293
10078	1	4	FFA	51.58523941040039
10078	1	4	sCerb	59.82354736328125
10078	1	4	iCerb	62.227783203125
10078	1	4	Motor	51.43985366821289
10078	6	1	VS	16.488786828059066
10078	6	1	RVS	25.545069520017133
10078	6	1	LVS	22.820959262566557
10078	6	1	vmPFC	40.96409366714324
10078	6	1	FFA	34.51660210226248
10078	6	1	sCerb	42.81297601995347
10078	6	1	iCerb	43.99986195665482
10078	6	1	Motor	45.35738269178076
10078	1	1	VS	16.013021465088293
10078	1	1	RVS	29.433083581534007
10078	1	1	LVS	22.252174835216714
10078	1	1	vmPFC	45.62201329260672
10078	1	1	FFA	41.68694559207895
10078	1	1	sCerb	47.59359200666357
10078	1	1	iCerb	45.09781739759756
10078	1	1	Motor	49.75980314422338
10078	3	4	VS	30.121225357055664
10078	3	4	RVS	36.43382263183594
10078	3	4	LVS	31.254011154174805
10078	3	4	vmPFC	38.672210693359375
10078	3	4	FFA	53.258338928222656
10078	3	4	sCerb	57.23252487182617
10078	3	4	iCerb	55.16918182373047
10078	3	4	Motor	41.011775970458984
10080	3	4	VS	26.287656784057617
10080	3	4	RVS	24.81112289428711
10080	3	4	LVS	26.628103256225586
10080	3	4	vmPFC	30.358074188232422
10080	3	4	FFA	40.96111297607422
10080	3	4	sCerb	41.538169860839844
10080	3	4	iCerb	44.085262298583984
10080	3	4	Motor	46.44633483886719
10080	3	1	VS	14.448705307936113
10080	3	1	RVS	19.27977409005736
10080	3	1	LVS	22.010467225703565
10080	3	1	vmPFC	23.814547556578322
10080	3	1	FFA	35.48407717164409
10080	3	1	sCerb	38.68345882916113
10080	3	1	iCerb	37.90071614432712
10080	3	1	Motor	44.94040644109802
10080	6	4	VS	18.898399353027344
10080	6	4	RVS	18.426101684570312
10080	6	4	LVS	19.96488380432129
10080	6	4	vmPFC	22.037160873413086
10080	6	4	FFA	29.70189666748047
10080	6	4	sCerb	32.93653106689453
10080	6	4	iCerb	34.23356628417969
10080	6	4	Motor	33.31755065917969
10080	1	4	VS	32.352500915527344
10080	1	4	RVS	27.688215255737305
10080	1	4	LVS	30.560209274291992
10080	1	4	vmPFC	31.404977798461914
10080	1	4	FFA	48.46711349487305
10080	1	4	sCerb	45.761165618896484
10080	1	4	iCerb	45.459068298339844
10080	1	4	Motor	54.246131896972656
10080	6	1	VS	16.108807481004966
10080	6	1	RVS	17.69885963291383
10080	6	1	LVS	20.840305660973122
10080	6	1	vmPFC	21.58295988876451
10080	6	1	FFA	33.47371200877451
10080	6	1	sCerb	37.472974576311714
10080	6	1	iCerb	36.234698328658695
10080	6	1	Motor	41.933129065898356
10080	1	1	VS	15.574686854570583
10080	1	1	RVS	19.490850414520242
10080	1	1	LVS	19.700361594452065
10080	1	1	vmPFC	20.357957502765306
10080	1	1	FFA	36.46051038759534
10080	1	1	sCerb	37.25424001520418
10080	1	1	iCerb	34.192587737510316
10080	1	1	Motor	35.8853667685925
10108	6	1	VS	31.615552979899206
10108	6	1	RVS	30.924012037400512
10108	6	1	LVS	28.411149949684244
10108	6	1	vmPFC	46.759030745219505
10108	6	1	FFA	35.98617256057205
10108	6	1	sCerb	41.51809546253604
10108	6	1	iCerb	41.17658527773092
10108	6	1	Motor	55.56102623211738
10108	6	4	VS	31.137014389038086
10108	6	4	RVS	28.878293991088867
10108	6	4	LVS	26.101469039916992
10108	6	4	vmPFC	43.94462585449219
10108	6	4	FFA	33.629276275634766
10108	6	4	sCerb	40.25864791870117
10108	6	4	iCerb	42.26008224487305
10108	6	4	Motor	39.997230529785156
10108	1	4	VS	50.478477478027344
10108	1	4	RVS	44.98046112060547
10108	1	4	LVS	45.00658416748047
10108	1	4	vmPFC	47.22955322265625
10108	1	4	FFA	60.85368728637695
10108	1	4	sCerb	57.4744987487793
10108	1	4	iCerb	58.88747787475586
10108	1	4	Motor	70.82696533203125
10108	3	1	VS	23.42424065071588
10108	3	1	RVS	27.60035237582024
10108	3	1	LVS	25.75883969153139
10108	3	1	vmPFC	32.56810158634511
10108	3	1	FFA	28.146383681293347
10108	3	1	sCerb	40.828102278254036
10108	3	1	iCerb	41.35160514568206
10108	3	1	Motor	45.058154858924446
10108	3	4	VS	46.524383544921875
10108	3	4	RVS	43.62183380126953
10108	3	4	LVS	42.0213737487793
10108	3	4	vmPFC	58.91257095336914
10108	3	4	FFA	39.374229431152344
10108	3	4	sCerb	56.106536865234375
10108	3	4	iCerb	52.45884323120117
10108	3	4	Motor	53.69268798828125
10108	1	1	VS	25.691989846714492
10108	1	1	RVS	32.9179122368628
10108	1	1	LVS	27.57930824076379
10108	1	1	vmPFC	40.31776073556472
10108	1	1	FFA	31.5743987838121
10108	1	1	sCerb	44.07573826951533
10108	1	1	iCerb	43.737508826946744
10108	1	1	Motor	47.737218691498704
10125	6	1	VS	24.80188703840373
10125	6	1	RVS	28.456099054888487
10125	6	1	LVS	27.477314760812543
10125	6	1	vmPFC	45.31993365210817
10125	6	1	FFA	29.302912517552617
10125	6	1	sCerb	37.113191721075225
10125	6	1	iCerb	35.27896341522721
10125	6	1	Motor	47.58335546321521
10125	1	4	VS	48.97708511352539
10125	1	4	RVS	43.44312286376953
10125	1	4	LVS	43.83477020263672
10125	1	4	vmPFC	50.00560760498047
10125	1	4	FFA	35.80349349975586
10125	1	4	sCerb	48.50571823120117
10125	1	4	iCerb	48.23430252075195
10125	1	4	Motor	44.65338134765625
10125	6	4	VS	28.21027183532715
10125	6	4	RVS	27.005714416503906
10125	6	4	LVS	27.041946411132812
10125	6	4	vmPFC	33.48504638671875
10125	6	4	FFA	33.83300018310547
10125	6	4	sCerb	38.519779205322266
10125	6	4	iCerb	36.01782989501953
10125	6	4	Motor	39.750938415527344
10125	3	1	VS	23.812405650909632
10125	3	1	RVS	29.251900001384907
10125	3	1	LVS	29.117521571717017
10125	3	1	vmPFC	42.77378485971519
10125	3	1	FFA	32.103438182528905
10125	3	1	sCerb	40.33839545891599
10125	3	1	iCerb	37.70159989285184
10125	3	1	Motor	46.19193248419538
10125	3	4	VS	41.18480682373047
10125	3	4	RVS	39.989341735839844
10125	3	4	LVS	39.005611419677734
10125	3	4	vmPFC	41.50345993041992
10125	3	4	FFA	47.0974235534668
10125	3	4	sCerb	50.31471252441406
10125	3	4	iCerb	47.134185791015625
10125	3	4	Motor	43.13059616088867
10125	1	1	VS	24.707224444717028
10125	1	1	RVS	30.38752816066825
10125	1	1	LVS	28.13906749106411
10125	1	1	vmPFC	33.81460559621632
10125	1	1	FFA	34.71486023689104
10125	1	1	sCerb	40.80007945200625
10125	1	1	iCerb	35.59525190148814
10125	1	1	Motor	42.54446921478099
10136	3	4	VS	34.549949645996094
10136	3	4	RVS	35.87835693359375
10136	3	4	LVS	33.18925476074219
10136	3	4	vmPFC	38.564449310302734
10136	3	4	FFA	36.569053649902344
10136	3	4	sCerb	48.33149719238281
10136	3	4	iCerb	43.394222259521484
10136	3	4	Motor	43.925010681152344
10136	3	1	VS	17.721288117468223
10136	3	1	RVS	29.144916258526806
10136	3	1	LVS	23.236614910106347
10136	3	1	vmPFC	34.84875476238816
10136	3	1	FFA	32.57168619442071
10136	3	1	sCerb	42.76179092678883
10136	3	1	iCerb	38.52128223868986
10136	3	1	Motor	45.66583524832619
10136	6	4	VS	23.675844192504883
10136	6	4	RVS	27.89133071899414
10136	6	4	LVS	24.49126625061035
10136	6	4	vmPFC	38.744144439697266
10136	6	4	FFA	41.7093505859375
10136	6	4	sCerb	42.9820442199707
10136	6	4	iCerb	39.62838363647461
10136	6	4	Motor	44.103485107421875
10136	1	4	VS	45.71754837036133
10136	1	4	RVS	41.8138542175293
10136	1	4	LVS	41.04743957519531
10136	1	4	vmPFC	34.78386688232422
10136	1	4	FFA	46.43641662597656
10136	1	4	sCerb	51.63740921020508
10136	1	4	iCerb	47.03522872924805
10136	1	4	Motor	43.170631408691406
10136	6	1	VS	14.449983461189547
10136	6	1	RVS	24.94299516675057
10136	6	1	LVS	18.23586212105462
10136	6	1	vmPFC	30.068760692482485
10136	6	1	FFA	32.622936707673915
10136	6	1	sCerb	39.39893720984999
10136	6	1	iCerb	37.58001871366423
10136	6	1	Motor	46.048019926088
10136	1	1	VS	18.466475840156516
10136	1	1	RVS	30.956720470461832
10136	1	1	LVS	23.85152496917647
10136	1	1	vmPFC	39.41326457699446
10136	1	1	FFA	46.60835975222472
10136	1	1	sCerb	46.03829391042505
10136	1	1	iCerb	41.79157520424328
10136	1	1	Motor	54.527442098145045
10137	3	4	VS	43.35432052612305
10137	3	4	RVS	40.98230743408203
10137	3	4	LVS	39.40839767456055
10137	3	4	vmPFC	49.09608840942383
10137	3	4	FFA	59.00730895996094
10137	3	4	sCerb	50.76341247558594
10137	3	4	iCerb	55.056941986083984
10137	3	4	Motor	53.02708435058594
10137	3	1	VS	29.101393999252473
10137	3	1	RVS	33.08693081945439
10137	3	1	LVS	27.97239410261283
10137	3	1	vmPFC	36.06357821538343
10137	3	1	FFA	51.85539429279578
10137	3	1	sCerb	45.12993074884102
10137	3	1	iCerb	44.96264247874887
10137	3	1	Motor	49.6148357802414
10137	6	4	VS	32.39803695678711
10137	6	4	RVS	30.52312660217285
10137	6	4	LVS	28.68014907836914
10137	6	4	vmPFC	45.07730484008789
10137	6	4	FFA	43.30024337768555
10137	6	4	sCerb	35.7699089050293
10137	6	4	iCerb	45.618377685546875
10137	6	4	Motor	48.361751556396484
10137	1	4	VS	51.693153381347656
10137	1	4	RVS	49.05509948730469
10137	1	4	LVS	48.13471603393555
10137	1	4	vmPFC	62.24762725830078
10137	1	4	FFA	67.3092041015625
10137	1	4	sCerb	57.965389251708984
10137	1	4	iCerb	59.554237365722656
10137	1	4	Motor	61.52201461791992
10137	6	1	VS	27.303891077854164
10137	6	1	RVS	30.97713545534024
10137	6	1	LVS	26.378858369309665
10137	6	1	vmPFC	38.688111074273344
10137	6	1	FFA	42.72006360586352
10137	6	1	sCerb	40.77070180057648
10137	6	1	iCerb	43.21958959352894
10137	6	1	Motor	47.40476910229406
10137	1	1	VS	29.647611768245245
10137	1	1	RVS	35.41768575458315
10137	1	1	LVS	28.933992798425265
10137	1	1	vmPFC	41.39478385428004
10137	1	1	FFA	51.05361210344357
10137	1	1	sCerb	47.8555981026179
10137	1	1	iCerb	45.349111253642086
10137	1	1	Motor	53.65723511501034
10142	6	1	VS	28.67106554094227
10142	6	1	RVS	25.46744232714062
10142	6	1	LVS	25.112036404249924
10142	6	1	vmPFC	36.98222453651104
10142	6	1	FFA	44.90728860992962
10142	6	1	sCerb	42.43666580657607
10142	6	1	iCerb	39.64106150486744
10142	6	1	Motor	47.82624508357093
10142	1	4	VS	45.85147476196289
10142	1	4	RVS	41.45722198486328
10142	1	4	LVS	38.84073257446289
10142	1	4	vmPFC	57.0416145324707
10142	1	4	FFA	57.08234405517578
10142	1	4	sCerb	58.91810607910156
10142	1	4	iCerb	55.848453521728516
10142	1	4	Motor	56.41252517700195
10142	6	4	VS	27.56726837158203
10142	6	4	RVS	24.310100555419922
10142	6	4	LVS	25.014122009277344
10142	6	4	vmPFC	42.30887985229492
10142	6	4	FFA	32.25349044799805
10142	6	4	sCerb	35.59012985229492
10142	6	4	iCerb	37.548152923583984
10142	6	4	Motor	36.92543411254883
10142	3	1	VS	30.677172900088475
10142	3	1	RVS	27.940015855458405
10142	3	1	LVS	26.75613358577779
10142	3	1	vmPFC	34.97912390211471
10142	3	1	FFA	39.96338005547953
10142	3	1	sCerb	41.18665096146539
10142	3	1	iCerb	39.017393509422746
10142	3	1	Motor	44.76891910387395
10142	3	4	VS	39.29963684082031
10142	3	4	RVS	35.324440002441406
10142	3	4	LVS	35.02671432495117
10142	3	4	vmPFC	52.334415435791016
10142	3	4	FFA	52.53177261352539
10142	3	4	sCerb	55.16703414916992
10142	3	4	iCerb	52.75065231323242
10142	3	4	Motor	54.60981750488281
10142	1	1	VS	29.326143020703267
10142	1	1	RVS	27.730635740176805
10142	1	1	LVS	26.298336441153438
10142	1	1	vmPFC	27.58413434759273
10142	1	1	FFA	25.15863275194873
10142	1	1	sCerb	36.27177572453623
10142	1	1	iCerb	31.53230597567977
10142	1	1	Motor	32.27914877971802
10150	3	1	VS	20.75874113334311
10150	3	1	RVS	33.60990004534231
10150	3	1	LVS	22.064291588096843
10150	3	1	vmPFC	42.86234938230052
10150	3	1	FFA	37.98376884723857
10150	3	1	sCerb	40.3670925222943
10150	3	1	iCerb	40.069583982062774
10150	3	1	Motor	53.31862802991762
10150	6	4	VS	25.481136322021484
10150	6	4	RVS	31.04265022277832
10150	6	4	LVS	25.609399795532227
10150	6	4	vmPFC	43.224159240722656
10150	6	4	FFA	44.7143440246582
10150	6	4	sCerb	35.50154495239258
10150	6	4	iCerb	39.66371536254883
10150	6	4	Motor	50.11865234375
10150	6	1	VS	17.57150490744355
10150	6	1	RVS	28.5901250031624
10150	6	1	LVS	18.26337812337159
10150	6	1	vmPFC	35.136005992588025
10150	6	1	FFA	29.70248627455952
10150	6	1	sCerb	33.95934322069018
10150	6	1	iCerb	35.435129858031154
10150	6	1	Motor	44.034158876451436
10150	3	4	VS	28.631336212158203
10150	3	4	RVS	38.58019256591797
10150	3	4	LVS	32.99776077270508
10150	3	4	vmPFC	47.06324005126953
10150	3	4	FFA	46.723392486572266
10150	3	4	sCerb	46.64474105834961
10150	3	4	iCerb	47.66582489013672
10150	3	4	Motor	47.818965911865234
10150	1	4	VS	39.772762298583984
10150	1	4	RVS	40.56991958618164
10150	1	4	LVS	36.993717193603516
10150	1	4	vmPFC	40.8529052734375
10150	1	4	FFA	24.832292556762695
10150	1	4	sCerb	37.753719329833984
10150	1	4	iCerb	39.33156204223633
10150	1	4	Motor	36.26103210449219
10150	1	1	VS	18.226332497842492
10150	1	1	RVS	35.39577809604524
10150	1	1	LVS	18.759250427980326
10150	1	1	vmPFC	47.5789780151607
10150	1	1	FFA	40.43004456149709
10150	1	1	sCerb	42.60778926772341
10150	1	1	iCerb	41.258329421549085
10150	1	1	Motor	59.26130451651839
10154	1	1	VS	23.742965006406536
10154	1	1	RVS	29.365284122452238
10154	1	1	LVS	27.776041681636762
10154	1	1	vmPFC	51.62462363236284
10154	1	1	FFA	35.41121589631857
10154	1	1	sCerb	41.14214293472518
10154	1	1	iCerb	44.37723326657386
10154	1	1	Motor	42.44843393035569
10154	6	1	VS	21.78425892708304
10154	6	1	RVS	24.50319007733213
10154	6	1	LVS	24.661740578709338
10154	6	1	vmPFC	38.80228446095645
10154	6	1	FFA	32.78596201901284
10154	6	1	sCerb	35.15601865877578
10154	6	1	iCerb	39.36763199128786
10154	6	1	Motor	37.344147860487986
10154	6	4	VS	25.798053741455078
10154	6	4	RVS	28.231298446655273
10154	6	4	LVS	27.454612731933594
10154	6	4	vmPFC	51.33205795288086
10154	6	4	FFA	37.748008728027344
10154	6	4	sCerb	32.74355697631836
10154	6	4	iCerb	47.19888687133789
10154	6	4	Motor	41.19341278076172
10154	3	1	VS	24.531823356845706
10154	3	1	RVS	28.821417586462726
10154	3	1	LVS	28.304571374108477
10154	3	1	vmPFC	43.52944723353578
10154	3	1	FFA	37.27318623003558
10154	3	1	sCerb	40.603817456956065
10154	3	1	iCerb	46.021480942387655
10154	3	1	Motor	40.46027630659388
10154	3	4	VS	39.090328216552734
10154	3	4	RVS	38.63391876220703
10154	3	4	LVS	38.815025329589844
10154	3	4	vmPFC	58.85935974121094
10154	3	4	FFA	56.97637939453125
10154	3	4	sCerb	47.56033706665039
10154	3	4	iCerb	54.77591323852539
10154	3	4	Motor	50.739166259765625
10154	1	4	VS	37.14696502685547
10154	1	4	RVS	34.84056854248047
10154	1	4	LVS	37.02717208862305
10154	1	4	vmPFC	51.81552505493164
10154	1	4	FFA	33.24932861328125
10154	1	4	sCerb	44.34555435180664
10154	1	4	iCerb	50.64863586425781
10154	1	4	Motor	39.839805603027344
10185	1	1	VS	30.08039483462115
10185	1	1	RVS	28.2426803396191
10185	1	1	LVS	27.53032759842013
10185	1	1	vmPFC	31.180608402588568
10185	1	1	FFA	28.892957401788525
10185	1	1	sCerb	35.53483680966294
10185	1	1	iCerb	33.17259783070187
10185	1	1	Motor	32.747840159666445
10185	3	4	VS	31.331811904907227
10185	3	4	RVS	30.246536254882812
10185	3	4	LVS	28.395225524902344
10185	3	4	vmPFC	40.67997741699219
10185	3	4	FFA	35.988868713378906
10185	3	4	sCerb	39.70404815673828
10185	3	4	iCerb	36.357025146484375
10185	3	4	Motor	38.654666900634766
10185	3	1	VS	28.21984901437516
10185	3	1	RVS	27.771912565704902
10185	3	1	LVS	26.312960264789677
10185	3	1	vmPFC	31.64970581801172
10185	3	1	FFA	33.1210093832613
10185	3	1	sCerb	35.8988002849895
10185	3	1	iCerb	32.71741870092332
10185	3	1	Motor	32.09209385256192
10185	6	1	VS	25.797104867616675
10185	6	1	RVS	25.075800616451517
10185	6	1	LVS	24.38709059328756
10185	6	1	vmPFC	27.952837740758863
10185	6	1	FFA	25.15234572032947
10185	6	1	sCerb	28.24026046508943
10185	6	1	iCerb	23.843172866016435
10185	6	1	Motor	29.8928278926971
10185	1	4	VS	50.51963424682617
10185	1	4	RVS	42.18280029296875
10185	1	4	LVS	44.5218620300293
10185	1	4	vmPFC	48.093868255615234
10185	1	4	FFA	48.65493392944336
10185	1	4	sCerb	49.47627639770508
10185	1	4	iCerb	44.727474212646484
10185	1	4	Motor	54.581687927246094
10185	6	4	VS	20.798900604248047
10185	6	4	RVS	18.632274627685547
10185	6	4	LVS	19.335529327392578
10185	6	4	vmPFC	32.2589111328125
10185	6	4	FFA	24.100971221923828
10185	6	4	sCerb	22.02519989013672
10185	6	4	iCerb	25.80992317199707
10185	6	4	Motor	30.82945442199707
10186	1	4	VS	52.80744552612305
10186	1	4	RVS	47.67931365966797
10186	1	4	LVS	46.698455810546875
10186	1	4	vmPFC	63.64690399169922
10186	1	4	FFA	53.55084991455078
10186	1	4	sCerb	57.76731872558594
10186	1	4	iCerb	53.5190315246582
10186	1	4	Motor	74.4142074584961
10186	6	4	VS	24.673370361328125
10186	6	4	RVS	27.849029541015625
10186	6	4	LVS	25.478849411010742
10186	6	4	vmPFC	43.25167465209961
10186	6	4	FFA	32.644954681396484
10186	6	4	sCerb	40.466304779052734
10186	6	4	iCerb	32.75368118286133
10186	6	4	Motor	41.60113525390625
10186	3	1	VS	18.65711242739551
10186	3	1	RVS	26.04488216032118
10186	3	1	LVS	26.54378849219396
10186	3	1	vmPFC	23.794364060222414
10186	3	1	FFA	29.29813444602009
10186	3	1	sCerb	39.342885621608815
10186	3	1	iCerb	33.09054627131609
10186	3	1	Motor	48.902972460515485
10186	3	4	VS	34.13405990600586
10186	3	4	RVS	36.97673034667969
10186	3	4	LVS	32.644935607910156
10186	3	4	vmPFC	32.08677291870117
10186	3	4	FFA	43.877891540527344
10186	3	4	sCerb	50.56937789916992
10186	3	4	iCerb	44.12741470336914
10186	3	4	Motor	51.642173767089844
10186	1	1	VS	16.925303004871257
10186	1	1	RVS	26.028675033179532
10186	1	1	LVS	26.803836564210542
10186	1	1	vmPFC	26.616992197491488
10186	1	1	FFA	25.099869297521785
10186	1	1	sCerb	35.95112329040542
10186	1	1	iCerb	33.433367699705755
10186	1	1	Motor	41.81327457025806
10186	6	1	VS	15.446295114025071
10186	6	1	RVS	27.64354822246622
10186	6	1	LVS	22.703716501286987
10186	6	1	vmPFC	35.669625026063244
10186	6	1	FFA	31.77185857351449
10186	6	1	sCerb	37.92439789705207
10186	6	1	iCerb	35.26505010726896
10186	6	1	Motor	55.871827433306926
10188	1	4	VS	50.88410186767578
10188	1	4	RVS	42.687156677246094
10188	1	4	LVS	43.68644332885742
10188	1	4	vmPFC	40.6492919921875
10188	1	4	FFA	51.571495056152344
10188	1	4	sCerb	54.26170349121094
10188	1	4	iCerb	52.52112579345703
10188	1	4	Motor	50.70210266113281
10188	6	4	VS	27.984949111938477
10188	6	4	RVS	24.261411666870117
10188	6	4	LVS	24.23662757873535
10188	6	4	vmPFC	33.326229095458984
10188	6	4	FFA	33.371822357177734
10188	6	4	sCerb	36.03889846801758
10188	6	4	iCerb	38.56322479248047
10188	6	4	Motor	35.0292854309082
10188	3	1	VS	37.32970243529091
10188	3	1	RVS	33.37953378243979
10188	3	1	LVS	34.43940309872271
10188	3	1	vmPFC	39.80487033608211
10188	3	1	FFA	48.605258595718574
10188	3	1	sCerb	43.218902308561326
10188	3	1	iCerb	43.03604583965919
10188	3	1	Motor	49.14809432462887
10188	1	1	VS	39.93865198757749
10188	1	1	RVS	35.53707327367651
10188	1	1	LVS	38.110495873000175
10188	1	1	vmPFC	40.172008500984745
10188	1	1	FFA	47.3116783476603
10188	1	1	sCerb	45.69734764082166
10188	1	1	iCerb	45.64397633783177
10188	1	1	Motor	52.48797563244145
10188	6	1	VS	31.95552223164
10188	6	1	RVS	29.787195763535497
10188	6	1	LVS	29.71880262295266
10188	6	1	vmPFC	32.85962346102664
10188	6	1	FFA	45.345246061661626
10188	6	1	sCerb	41.23088474875189
10188	6	1	iCerb	42.73481616726235
10188	6	1	Motor	46.12317320359711
10188	3	4	VS	40.747100830078125
10188	3	4	RVS	35.53689193725586
10188	3	4	LVS	36.27650833129883
10188	3	4	vmPFC	38.096256256103516
10188	3	4	FFA	46.755859375
10188	3	4	sCerb	50.623958587646484
10188	3	4	iCerb	49.33118438720703
10188	3	4	Motor	49.570125579833984
10198	6	1	VS	32.9319939927839
10198	6	1	RVS	28.53771660837925
10198	6	1	LVS	27.830362858025744
10198	6	1	vmPFC	30.027932553908464
10198	6	1	FFA	28.832956590666395
10198	6	1	sCerb	36.75189634126581
10198	6	1	iCerb	27.147182336736257
10198	6	1	Motor	34.665095179866306
10198	1	4	VS	47.264957427978516
10198	1	4	RVS	42.86738967895508
10198	1	4	LVS	38.42277145385742
10198	1	4	vmPFC	37.93559265136719
10198	1	4	FFA	41.357666015625
10198	1	4	sCerb	56.258174896240234
10198	1	4	iCerb	47.40541458129883
10198	1	4	Motor	47.08911895751953
10198	3	4	VS	37.38089370727539
10198	3	4	RVS	34.58515930175781
10198	3	4	LVS	33.612518310546875
10198	3	4	vmPFC	36.15501022338867
10198	3	4	FFA	39.71113967895508
10198	3	4	sCerb	51.65790939331055
10198	3	4	iCerb	38.06355667114258
10198	3	4	Motor	40.30531692504883
10198	6	4	VS	18.6015567779541
10198	6	4	RVS	16.87874412536621
10198	6	4	LVS	16.5063533782959
10198	6	4	vmPFC	26.921924591064453
10198	6	4	FFA	19.806047439575195
10198	6	4	sCerb	23.28173065185547
10198	6	4	iCerb	22.28676414489746
10198	6	4	Motor	29.481082916259766
10198	3	1	VS	31.328711300067273
10198	3	1	RVS	28.473367021680176
10198	3	1	LVS	28.120762473485815
10198	3	1	vmPFC	30.816970127183822
10198	3	1	FFA	27.591335379885734
10198	3	1	sCerb	41.27239934350107
10198	3	1	iCerb	34.32692247714342
10198	3	1	Motor	35.98524616915297
10203	3	1	VS	10.45798288945789
10203	3	1	RVS	22.38170108706135
10203	3	1	LVS	12.649919111394786
10203	3	1	vmPFC	29.125995081471597
10203	3	1	FFA	28.436233739890376
10203	3	1	sCerb	38.977552168954816
10203	3	1	iCerb	37.442264954873686
10203	3	1	Motor	44.95900196758753
10203	6	4	VS	11.479891777038574
10203	6	4	RVS	15.970597267150879
10203	6	4	LVS	12.218299865722656
10203	6	4	vmPFC	25.9648494720459
10203	6	4	FFA	22.200958251953125
10203	6	4	sCerb	25.428956985473633
10203	6	4	iCerb	20.939449310302734
10203	6	4	Motor	29.347827911376953
10203	3	4	VS	20.486413955688477
10203	3	4	RVS	28.391620635986328
10203	3	4	LVS	25.654071807861328
10203	3	4	vmPFC	44.26081848144531
10203	3	4	FFA	42.92113494873047
10203	3	4	sCerb	48.5920524597168
10203	3	4	iCerb	43.17721176147461
10203	3	4	Motor	49.35124206542969
10203	6	1	VS	11.915508354157307
10203	6	1	RVS	21.133084751689776
10203	6	1	LVS	13.592558609962527
10203	6	1	vmPFC	28.475087647303635
10203	6	1	FFA	22.566679944247678
10203	6	1	sCerb	34.00592079208469
10203	6	1	iCerb	37.61329118098038
10203	6	1	Motor	41.208367028196356
10203	1	1	VS	11.991909868029092
10203	1	1	RVS	24.127653436475896
10203	1	1	LVS	14.114809103779722
10203	1	1	vmPFC	34.73065502812281
10203	1	1	FFA	26.90084849090542
10203	1	1	sCerb	40.381583577921035
10203	1	1	iCerb	42.704844584062144
10203	1	1	Motor	48.53039288230959
10203	1	4	VS	36.35517501831055
10203	1	4	RVS	40.5749397277832
10203	1	4	LVS	39.39303970336914
10203	1	4	vmPFC	41.55393600463867
10203	1	4	FFA	46.912010192871094
10203	1	4	sCerb	54.06977844238281
10203	1	4	iCerb	55.08853530883789
10203	1	4	Motor	58.16692352294922
10223	1	4	VS	49.878807067871094
10223	1	4	RVS	47.34918975830078
10223	1	4	LVS	47.126224517822266
10223	1	4	vmPFC	50.46462631225586
10223	1	4	FFA	54.021480560302734
10223	1	4	sCerb	58.66492462158203
10223	1	4	iCerb	58.407264709472656
10223	1	4	Motor	62.999080657958984
10223	6	4	VS	16.990039825439453
10223	6	4	RVS	17.19940185546875
10223	6	4	LVS	17.754953384399414
10223	6	4	vmPFC	37.97072219848633
10223	6	4	FFA	33.34133529663086
10223	6	4	sCerb	29.102293014526367
10223	6	4	iCerb	31.078506469726562
10223	6	4	Motor	33.11570739746094
10223	3	1	VS	24.58635059564472
10223	3	1	RVS	31.94926489361459
10223	3	1	LVS	21.64519037283716
10223	3	1	vmPFC	34.00209628679397
10223	3	1	FFA	37.370507364799806
10223	3	1	sCerb	43.63316775736239
10223	3	1	iCerb	41.0047137626037
10223	3	1	Motor	45.87590009191734
10223	3	4	VS	32.37067794799805
10223	3	4	RVS	36.20823669433594
10223	3	4	LVS	30.570436477661133
10223	3	4	vmPFC	43.207801818847656
10223	3	4	FFA	47.8549690246582
10223	3	4	sCerb	50.32619857788086
10223	3	4	iCerb	51.794166564941406
10223	3	4	Motor	44.53110885620117
10223	1	1	VS	24.086237827328077
10223	1	1	RVS	34.786465763135126
10223	1	1	LVS	19.981947654070705
10223	1	1	vmPFC	32.33004463520702
10223	1	1	FFA	36.22837547969831
10223	1	1	sCerb	44.94968067915854
10223	1	1	iCerb	42.32519936468342
10223	1	1	Motor	47.81474280526748
10223	6	1	VS	22.00558419132107
10223	6	1	RVS	29.308987105364718
10223	6	1	LVS	19.035875704293844
10223	6	1	vmPFC	36.685918815386025
10223	6	1	FFA	34.738175885673215
10223	6	1	sCerb	37.43061679881226
10223	6	1	iCerb	38.28620375495892
10223	6	1	Motor	44.85578518842944
10234	3	4	VS	20.856369018554688
10234	3	4	RVS	23.361427307128906
10234	3	4	LVS	25.012256622314453
10234	3	4	vmPFC	32.28248596191406
10234	3	4	FFA	29.32886505126953
10234	3	4	sCerb	38.06444549560547
10234	3	4	iCerb	32.220947265625
10234	3	4	Motor	33.441612243652344
10234	6	1	VS	18.100990607329546
10234	6	1	RVS	23.027662693306933
10234	6	1	LVS	20.41024817653965
10234	6	1	vmPFC	32.81692806662067
10234	6	1	FFA	28.708873148975638
10234	6	1	sCerb	29.997639896117402
10234	6	1	iCerb	27.750021445510946
10234	6	1	Motor	37.89551715342797
10234	1	4	VS	44.211517333984375
10234	1	4	RVS	38.60188293457031
10234	1	4	LVS	41.721832275390625
10234	1	4	vmPFC	49.92543029785156
10234	1	4	FFA	45.030433654785156
10234	1	4	sCerb	49.99465560913086
10234	1	4	iCerb	46.52832794189453
10234	1	4	Motor	50.60783767700195
10234	6	4	VS	17.423276901245117
10234	6	4	RVS	17.241884231567383
10234	6	4	LVS	18.14776039123535
10234	6	4	vmPFC	30.58609390258789
10234	6	4	FFA	25.947141647338867
10234	6	4	sCerb	27.220691680908203
10234	6	4	iCerb	18.866762161254883
10234	6	4	Motor	27.11431121826172
10234	3	1	VS	18.968570314498166
10234	3	1	RVS	26.001125717377658
10234	3	1	LVS	22.45970248025217
10234	3	1	vmPFC	35.77483856323453
10234	3	1	FFA	32.847942177492996
10234	3	1	sCerb	34.41955137113629
10234	3	1	iCerb	31.042709758720804
10234	3	1	Motor	42.16794481604423
10234	1	1	VS	18.89007043002225
10234	1	1	RVS	29.06711458710249
10234	1	1	LVS	23.091974593475722
10234	1	1	vmPFC	36.66963130289844
10234	1	1	FFA	35.57045931774467
10234	1	1	sCerb	36.9821453173839
10234	1	1	iCerb	35.55774525721469
10234	1	1	Motor	46.36221662554507
10303	6	4	VS	16.798524856567383
10303	6	4	RVS	19.553611755371094
10303	6	4	LVS	17.4100341796875
10303	6	4	vmPFC	29.56468963623047
10303	6	4	FFA	32.528953552246094
10303	6	4	sCerb	27.761140823364258
10303	6	4	iCerb	22.49382209777832
10303	6	4	Motor	33.28179931640625
10303	3	1	VS	19.72566174478263
10303	3	1	RVS	28.832532361641608
10303	3	1	LVS	21.30206080996645
10303	3	1	vmPFC	13.188396572884168
10303	3	1	FFA	34.5925818252289
10303	3	1	sCerb	40.90398387858366
10303	3	1	iCerb	36.05325984813575
10303	3	1	Motor	45.67755736527027
10303	1	1	VS	24.82910444941128
10303	1	1	RVS	36.06128537559854
10303	1	1	LVS	26.1156011004675
10303	1	1	vmPFC	19.34623975563309
10303	1	1	FFA	40.65521300105951
10303	1	1	sCerb	44.64914902726103
10303	1	1	iCerb	44.17474172483524
10303	1	1	Motor	53.22404661052129
10303	6	1	VS	22.743792353678284
10303	6	1	RVS	29.00071919088824
10303	6	1	LVS	22.48370869049963
10303	6	1	vmPFC	18.352646788888656
10303	6	1	FFA	30.259399956757363
10303	6	1	sCerb	35.52776175592558
10303	6	1	iCerb	35.59800781262872
10303	6	1	Motor	45.262577313770635
10303	1	4	VS	41.803253173828125
10303	1	4	RVS	44.1958122253418
10303	1	4	LVS	39.629173278808594
10303	1	4	vmPFC	37.008148193359375
10303	1	4	FFA	46.753543853759766
10303	1	4	sCerb	51.643455505371094
10303	1	4	iCerb	54.76995086669922
10303	1	4	Motor	55.41459655761719
10318	6	4	VS	20.69009017944336
10318	6	4	RVS	20.276447296142578
10318	6	4	LVS	20.504343032836914
10318	6	4	vmPFC	34.621578216552734
10318	6	4	FFA	24.01936149597168
10318	6	4	sCerb	26.094158172607422
10318	6	4	iCerb	22.832487106323242
10318	6	4	Motor	35.58583450317383
10318	3	4	VS	34.3620491027832
10318	3	4	RVS	35.668052673339844
10318	3	4	LVS	35.301109313964844
10318	3	4	vmPFC	41.01719284057617
10318	3	4	FFA	44.783817291259766
10318	3	4	sCerb	49.71321105957031
10318	3	4	iCerb	36.11671829223633
10318	3	4	Motor	45.53229904174805
10318	3	1	VS	27.32739002825065
10318	3	1	RVS	32.94885393177236
10318	3	1	LVS	30.218145409892838
10318	3	1	vmPFC	38.06204985523487
10318	3	1	FFA	41.80528171630122
10318	3	1	sCerb	43.183230488935635
10318	3	1	iCerb	33.96519975376228
10318	3	1	Motor	43.146900755062426
10318	1	4	VS	51.10954666137695
10318	1	4	RVS	47.45748519897461
10318	1	4	LVS	48.317108154296875
10318	1	4	vmPFC	50.244205474853516
10318	1	4	FFA	51.32809066772461
10318	1	4	sCerb	59.67585372924805
10318	1	4	iCerb	48.91094970703125
10318	1	4	Motor	57.740116119384766
10318	6	1	VS	25.599189870127876
10318	6	1	RVS	28.108097032218684
10318	6	1	LVS	28.59313087213497
10318	6	1	vmPFC	32.960112966150625
10318	6	1	FFA	32.688585918642055
10318	6	1	sCerb	35.01735926139238
10318	6	1	iCerb	25.75885775292365
10318	6	1	Motor	36.61275413582621
10318	1	1	VS	30.11824578933997
10318	1	1	RVS	37.999799020425336
10318	1	1	LVS	36.056425707956556
10318	1	1	vmPFC	42.79703528192234
10318	1	1	FFA	40.42569289145285
10318	1	1	sCerb	46.758754226182646
10318	1	1	iCerb	38.81566482348864
10318	1	1	Motor	47.78241895051633
10319	6	4	VS	20.87871551513672
10319	6	4	RVS	18.296083450317383
10319	6	4	LVS	19.234413146972656
10319	6	4	vmPFC	26.17404556274414
10319	6	4	FFA	25.810487747192383
10319	6	4	sCerb	26.07571792602539
10319	6	4	iCerb	19.101743698120117
10319	6	4	Motor	30.158527374267578
10319	3	1	VS	31.610737110756805
10319	3	1	RVS	33.98786432289598
10319	3	1	LVS	30.65149677882326
10319	3	1	vmPFC	35.10243828677005
10319	3	1	FFA	39.28518874407426
10319	3	1	sCerb	42.332582567467654
10319	3	1	iCerb	37.76331775587495
10319	3	1	Motor	44.2015364858386
10319	3	4	VS	33.43726348876953
10319	3	4	RVS	34.740116119384766
10319	3	4	LVS	33.35395050048828
10319	3	4	vmPFC	33.8925895690918
10319	3	4	FFA	47.04366683959961
10319	3	4	sCerb	49.2020149230957
10319	3	4	iCerb	40.67683792114258
10319	3	4	Motor	46.710899353027344
10319	1	1	VS	32.57918696606353
10319	1	1	RVS	37.92113001475019
10319	1	1	LVS	33.93653348285123
10319	1	1	vmPFC	37.068983412523096
10319	1	1	FFA	35.86689327008578
10319	1	1	sCerb	43.084753800056596
10319	1	1	iCerb	40.68732436904333
10319	1	1	Motor	43.63932399073169
10319	1	4	VS	49.048805236816406
10319	1	4	RVS	47.162933349609375
10319	1	4	LVS	45.79901885986328
10319	1	4	vmPFC	41.24941635131836
10319	1	4	FFA	51.381839752197266
10319	1	4	sCerb	51.31600570678711
10319	1	4	iCerb	50.77519989013672
10319	1	4	Motor	49.850120544433594
10319	6	1	VS	26.650098518036582
10319	6	1	RVS	24.506563685064652
10319	6	1	LVS	26.11557186203397
10319	6	1	vmPFC	25.644614169329067
10319	6	1	FFA	33.84759383503028
10319	6	1	sCerb	37.05802708418663
10319	6	1	iCerb	30.58365645110072
10319	6	1	Motor	38.94959394885562
10320	6	1	VS	27.230991095586354
10320	6	1	RVS	27.24758581774335
10320	6	1	LVS	29.07222302638629
10320	6	1	vmPFC	35.0063557466632
10320	6	1	FFA	33.428643838845225
10320	6	1	sCerb	36.304386634107935
10320	6	1	iCerb	34.16631088795177
10320	6	1	Motor	47.438949177490805
10320	1	4	VS	51.60100173950195
10320	1	4	RVS	44.64686965942383
10320	1	4	LVS	46.661048889160156
10320	1	4	vmPFC	38.796749114990234
10320	1	4	FFA	53.13273239135742
10320	1	4	sCerb	54.429908752441406
10320	1	4	iCerb	54.94813919067383
10320	1	4	Motor	55.07866287231445
10320	3	4	VS	37.15907669067383
10320	3	4	RVS	33.44437026977539
10320	3	4	LVS	36.11624526977539
10320	3	4	vmPFC	37.42900466918945
10320	3	4	FFA	52.351715087890625
10320	3	4	sCerb	54.094512939453125
10320	3	4	iCerb	43.71137619018555
10320	3	4	Motor	49.08207321166992
10320	3	1	VS	27.374615699834397
10320	3	1	RVS	30.084847097875
10320	3	1	LVS	30.485895715008624
10320	3	1	vmPFC	32.93788011372784
10320	3	1	FFA	40.481882243696205
10320	3	1	sCerb	43.28816945789386
10320	3	1	iCerb	37.45291795381359
10320	3	1	Motor	44.50664505200455
10320	1	1	VS	34.01544203220438
10320	1	1	RVS	37.30185829360991
10320	1	1	LVS	36.724903798661146
10320	1	1	vmPFC	39.974180296406594
10320	1	1	FFA	45.534820889897595
10320	1	1	sCerb	47.65138443313898
10320	1	1	iCerb	43.98397313013052
10320	1	1	Motor	55.65811047152128
10320	6	4	VS	18.399980545043945
10320	6	4	RVS	14.994308471679688
10320	6	4	LVS	18.331518173217773
10320	6	4	vmPFC	29.51192855834961
10320	6	4	FFA	32.32323455810547
10320	6	4	sCerb	32.998199462890625
10320	6	4	iCerb	26.18354606628418
10320	6	4	Motor	30.383127212524414
10321	6	4	VS	11.897847175598145
10321	6	4	RVS	13.32775592803955
10321	6	4	LVS	13.131617546081543
10321	6	4	vmPFC	14.207608222961426
10321	6	4	FFA	24.613117218017578
10321	6	4	sCerb	26.34081268310547
10321	6	4	iCerb	22.603588104248047
10321	6	4	Motor	27.67904281616211
10321	3	1	VS	18.477806521071052
10321	3	1	RVS	21.224572429055744
10321	3	1	LVS	18.608783597181144
10321	3	1	vmPFC	10.864057264239987
10321	3	1	FFA	33.902479727581266
10321	3	1	sCerb	40.64763503703773
10321	3	1	iCerb	33.3963952634201
10321	3	1	Motor	33.94653435007964
10321	3	4	VS	20.56194496154785
10321	3	4	RVS	22.864953994750977
10321	3	4	LVS	20.16533851623535
10321	3	4	vmPFC	14.39342212677002
10321	3	4	FFA	42.22823715209961
10321	3	4	sCerb	47.51490020751953
10321	3	4	iCerb	34.683380126953125
10321	3	4	Motor	37.1639404296875
10321	1	1	VS	20.44061543780415
10321	1	1	RVS	25.84193924005577
10321	1	1	LVS	21.24544271500191
10321	1	1	vmPFC	13.737621326836754
10321	1	1	FFA	37.219614693024255
10321	1	1	sCerb	46.14591429454774
10321	1	1	iCerb	39.01473235502148
10321	1	1	Motor	42.936015257414006
10321	6	1	VS	18.03938528382709
10321	6	1	RVS	19.18982270048953
10321	6	1	LVS	18.71704700537725
10321	6	1	vmPFC	9.38481220807474
10321	6	1	FFA	29.55807293770405
10321	6	1	sCerb	35.646283801730405
10321	6	1	iCerb	26.515143577366462
10321	6	1	Motor	30.61934853042245
10321	1	4	VS	31.320634841918945
10321	1	4	RVS	31.94432830810547
10321	1	4	LVS	30.376432418823242
10321	1	4	vmPFC	19.953536987304688
10321	1	4	FFA	52.964786529541016
10321	1	4	sCerb	57.13835144042969
10321	1	4	iCerb	48.37285614013672
10321	1	4	Motor	50.863059997558594
10363	3	4	VS	35.60503005981445
10363	3	4	RVS	34.51589584350586
10363	3	4	LVS	32.42374038696289
10363	3	4	vmPFC	40.31106948852539
10363	3	4	FFA	40.431007385253906
10363	3	4	sCerb	44.90315628051758
10363	3	4	iCerb	35.32324981689453
10363	3	4	Motor	40.060791015625
10363	6	1	VS	27.99524837593626
10363	6	1	RVS	26.0884883167835
10363	6	1	LVS	25.68082315185802
10363	6	1	vmPFC	30.45877533382872
10363	6	1	FFA	28.75739998527715
10363	6	1	sCerb	35.260611208802196
10363	6	1	iCerb	27.239069207846125
10363	6	1	Motor	35.172072423685506
10363	1	4	VS	50.806175231933594
10363	1	4	RVS	43.65740966796875
10363	1	4	LVS	42.19778823852539
10363	1	4	vmPFC	47.23866271972656
10363	1	4	FFA	40.68495559692383
10363	1	4	sCerb	51.586002349853516
10363	1	4	iCerb	46.2175178527832
10363	1	4	Motor	49.679481506347656
10363	6	4	VS	21.730106353759766
10363	6	4	RVS	19.684728622436523
10363	6	4	LVS	19.068971633911133
10363	6	4	vmPFC	35.40671920776367
10363	6	4	FFA	21.794797897338867
10363	6	4	sCerb	26.71314811706543
10363	6	4	iCerb	22.68128776550293
10363	6	4	Motor	31.733932495117188
10363	3	1	VS	32.264069102098524
10363	3	1	RVS	31.983799015152663
10363	3	1	LVS	31.85979391052964
10363	3	1	vmPFC	37.69434978075032
10363	3	1	FFA	35.90621033700352
10363	3	1	sCerb	43.58588159206625
10363	3	1	iCerb	34.374221812846464
10363	3	1	Motor	40.59876241262346
10363	1	1	VS	35.76772105745466
10363	1	1	RVS	36.726769365705835
10363	1	1	LVS	34.985895980128106
10363	1	1	vmPFC	42.066210998411485
10363	1	1	FFA	40.10654585967761
10363	1	1	sCerb	47.28602195292385
10363	1	1	iCerb	40.24351025072533
10363	1	1	Motor	47.62376222865801
10391	1	1	VS	20.80792897101728
10391	1	1	RVS	29.184277898881852
10391	1	1	LVS	23.526870862409183
10391	1	1	vmPFC	29.66485419021045
10391	1	1	FFA	29.563201880607558
10391	1	1	sCerb	42.55229091590058
10391	1	1	iCerb	39.39358806140632
10391	1	1	Motor	41.93119076854754
10391	3	4	VS	31.344266891479492
10391	3	4	RVS	30.87312126159668
10391	3	4	LVS	28.294231414794922
10391	3	4	vmPFC	32.30766296386719
10391	3	4	FFA	39.77859878540039
10391	3	4	sCerb	47.29542541503906
10391	3	4	iCerb	41.439414978027344
10391	3	4	Motor	38.58854675292969
10391	3	1	VS	19.27996209971313
10391	3	1	RVS	25.64401635110089
10391	3	1	LVS	21.13152037837202
10391	3	1	vmPFC	25.272891861539073
10391	3	1	FFA	30.876982952804862
10391	3	1	sCerb	41.60513563005965
10391	3	1	iCerb	36.36634133087915
10391	3	1	Motor	35.264906134667626
10391	6	4	VS	13.84044075012207
10391	6	4	RVS	17.60896110534668
10391	6	4	LVS	14.853343963623047
10391	6	4	vmPFC	31.05389976501465
10391	6	4	FFA	25.908571243286133
10391	6	4	sCerb	29.001436233520508
10391	6	4	iCerb	16.726991653442383
10391	6	4	Motor	26.60736083984375
10391	1	4	VS	46.217132568359375
10391	1	4	RVS	39.59224319458008
10391	1	4	LVS	43.93330383300781
10391	1	4	vmPFC	38.21613693237305
10391	1	4	FFA	38.94002151489258
10391	1	4	sCerb	50.62053680419922
10391	1	4	iCerb	48.24946975708008
10391	1	4	Motor	49.130096435546875
10391	6	1	VS	17.688540675826154
10391	6	1	RVS	22.22726751628593
10391	6	1	LVS	19.87108253945765
10391	6	1	vmPFC	21.98206327893345
10391	6	1	FFA	29.818029944146232
10391	6	1	sCerb	38.75057918596653
10391	6	1	iCerb	35.55480057694232
10391	6	1	Motor	36.793267552329446
10416	1	1	VS	23.381423964516962
10416	1	1	RVS	32.005539846084446
10416	1	1	LVS	27.075695583810358
10416	1	1	vmPFC	35.685199106378114
10416	1	1	FFA	46.47156985857182
10416	1	1	sCerb	44.64977255556864
10416	1	1	iCerb	0.0
10416	1	1	Motor	41.36433475270536
10416	6	4	VS	15.663527488708496
10416	6	4	RVS	18.231937408447266
10416	6	4	LVS	14.953641891479492
10416	6	4	vmPFC	26.925228118896484
10416	6	4	FFA	22.402647018432617
10416	6	4	sCerb	25.30674171447754
10416	6	4	iCerb	22.454740524291992
10416	6	4	Motor	28.711925506591797
10416	3	1	VS	16.488528883481703
10416	3	1	RVS	22.508124597747106
10416	3	1	LVS	18.68358221972275
10416	3	1	vmPFC	13.06540570091654
10416	3	1	FFA	42.78061338120844
10416	3	1	sCerb	31.84434123731807
10416	3	1	iCerb	0.0
10416	3	1	Motor	33.2960075753899
10416	6	1	VS	21.055155415360872
10416	6	1	RVS	24.421416111066318
10416	6	1	LVS	23.49184595682253
10416	6	1	vmPFC	27.988579624164945
10416	6	1	FFA	32.18579937217107
10416	6	1	sCerb	32.03581494760146
10416	6	1	iCerb	25.47156961066919
10416	6	1	Motor	33.026365512330464
10416	3	4	VS	33.947696685791016
10416	3	4	RVS	36.52762985229492
10416	3	4	LVS	33.43925094604492
10416	3	4	vmPFC	38.78285598754883
10416	3	4	FFA	35.098140716552734
10416	3	4	sCerb	39.99507522583008
10416	3	4	iCerb	0.0
10416	3	4	Motor	40.30718231201172
10416	1	4	VS	42.2605094909668
10416	1	4	RVS	38.377845764160156
10416	1	4	LVS	40.009063720703125
10416	1	4	vmPFC	44.3663330078125
10416	1	4	FFA	50.4499397277832
10416	1	4	sCerb	48.24834442138672
10416	1	4	iCerb	0.0
10416	1	4	Motor	44.50654602050781
10422	1	1	VS	30.383641884841058
10422	1	1	RVS	32.526219699116695
10422	1	1	LVS	32.59438362170954
10422	1	1	vmPFC	40.097471948283726
10422	1	1	FFA	29.135398717504717
10422	1	1	sCerb	38.337533470094144
10422	1	1	iCerb	40.85250831027449
10422	1	1	Motor	44.961489901899526
10422	3	4	VS	33.2883186340332
10422	3	4	RVS	30.70355987548828
10422	3	4	LVS	31.619640350341797
10422	3	4	vmPFC	36.7047119140625
10422	3	4	FFA	32.86861038208008
10422	3	4	sCerb	46.57090759277344
10422	3	4	iCerb	41.44151306152344
10422	3	4	Motor	43.53034591674805
10422	3	1	VS	25.64924737153393
10422	3	1	RVS	27.186418434579416
10422	3	1	LVS	26.656109072327208
10422	3	1	vmPFC	34.85341162428811
10422	3	1	FFA	23.33069007716891
10422	3	1	sCerb	34.357120815481075
10422	3	1	iCerb	35.480545877355446
10422	3	1	Motor	39.52849978501782
10422	6	4	VS	18.10521697998047
10422	6	4	RVS	16.633392333984375
10422	6	4	LVS	17.894685745239258
10422	6	4	vmPFC	31.18873405456543
10422	6	4	FFA	20.76287269592285
10422	6	4	sCerb	24.65540313720703
10422	6	4	iCerb	23.500139236450195
10422	6	4	Motor	29.81810760498047
10422	1	4	VS	39.8259391784668
10422	1	4	RVS	34.47366714477539
10422	1	4	LVS	35.6622428894043
10422	1	4	vmPFC	38.47154998779297
10422	1	4	FFA	37.97232437133789
10422	1	4	sCerb	43.19208908081055
10422	1	4	iCerb	48.68998336791992
10422	1	4	Motor	42.49642562866211
10422	6	1	VS	22.624150368926724
10422	6	1	RVS	22.522223705985127
10422	6	1	LVS	23.943381279320317
10422	6	1	vmPFC	28.805645709903406
10422	6	1	FFA	16.50216970297731
10422	6	1	sCerb	28.907848586778425
10422	6	1	iCerb	32.99290905558382
10422	6	1	Motor	31.454097675818318
12042	3	4	VS	36.154212951660156
12042	3	4	RVS	32.98933410644531
12042	3	4	LVS	32.34446716308594
12042	3	4	vmPFC	36.09625244140625
12042	3	4	FFA	53.32209396362305
12042	3	4	sCerb	53.77598571777344
12042	3	4	iCerb	42.382938385009766
12042	3	4	Motor	50.192081451416016
12042	3	1	VS	30.707053464713393
12042	3	1	RVS	27.8768631013291
12042	3	1	LVS	26.32770340561196
12042	3	1	vmPFC	33.02461415296925
12042	3	1	FFA	42.13952665939139
12042	3	1	sCerb	43.73969663147082
12042	3	1	iCerb	37.330527878724226
12042	3	1	Motor	47.81923613600137
12042	6	4	VS	19.370708465576172
12042	6	4	RVS	18.672426223754883
12042	6	4	LVS	18.827226638793945
12042	6	4	vmPFC	31.599201202392578
12042	6	4	FFA	37.55826950073242
12042	6	4	sCerb	35.26837921142578
12042	6	4	iCerb	24.769428253173828
12042	6	4	Motor	38.69559860229492
12042	1	1	VS	35.24528898652385
12042	1	1	RVS	32.26597828462713
12042	1	1	LVS	32.023821181421674
12042	1	1	vmPFC	37.05350598739398
12042	1	1	FFA	38.52799253687557
12042	1	1	sCerb	45.354119714332704
12042	1	1	iCerb	42.674913084036994
12042	1	1	Motor	44.71930675757954
12042	6	1	VS	30.47195534624449
12042	6	1	RVS	27.755899838732887
12042	6	1	LVS	25.74300296374504
12042	6	1	vmPFC	29.306654606990957
12042	6	1	FFA	33.63108430649525
12042	6	1	sCerb	36.792586520816286
12042	6	1	iCerb	36.58132950808893
12042	6	1	Motor	43.19322284984454
12042	1	4	VS	52.05682373046875
12042	1	4	RVS	46.71139907836914
12042	1	4	LVS	44.26461410522461
12042	1	4	vmPFC	45.12638473510742
12042	1	4	FFA	58.24311447143555
12042	1	4	sCerb	61.147239685058594
12042	1	4	iCerb	56.61674880981445
12042	1	4	Motor	58.99595260620117
